2026-01-20 19:11:57 - INFO - Smart Sprayer Logger initialized
2026-01-20 19:11:58 - INFO - === Smart Sprayer GUI Started ===
2026-01-20 19:11:58 - INFO - Scheduler initialized
2026-01-20 19:11:58 - INFO - Scheduler started
2026-01-20 19:12:00 - DEBUG - Switched to panel: dashboard
2026-01-20 19:12:00 - INFO - GUI initialization complete
2026-01-20 19:12:10 - DEBUG - Switched to panel: scheduling
2026-01-20 19:12:14 - DEBUG - Switched to panel: previous_data
2026-01-20 19:12:17 - DEBUG - Switched to panel: dashboard
2026-01-20 19:14:00 - DEBUG - Switched to panel: scheduling
2026-01-20 19:14:22 - DEBUG - Switched to panel: previous_data
2026-01-20 19:14:25 - DEBUG - Switched to panel: notifications
2026-01-20 19:14:27 - DEBUG - Switched to panel: logs
2026-01-20 19:14:38 - DEBUG - Switched to panel: notifications
2026-01-20 19:15:07 - DEBUG - Switched to panel: previous_data
2026-01-20 19:15:08 - DEBUG - Switched to panel: scheduling
2026-01-20 19:16:10 - INFO - === Shutting down Smart Sprayer ===
2026-01-20 19:16:12 - INFO - Scheduler stopped
2026-01-20 19:16:13 - INFO - Shutdown complete
2026-02-07 22:08:59 - INFO - Smart Sprayer Logger initialized
2026-02-07 22:08:59 - INFO - === Smart Sprayer GUI Started ===
2026-02-08 08:14:00 - INFO - Smart Sprayer Logger initialized
2026-02-08 08:14:00 - INFO - === Smart Sprayer GUI Started ===
2026-02-08 08:14:03 - INFO - Scheduler initialized
2026-02-08 08:14:03 - INFO - Scheduler started
2026-02-08 08:14:03 - INFO - Syncing ESP32 on startup...
2026-02-08 08:14:03 - INFO - Syncing time to ESP32 RTC...
2026-02-08 08:14:03 - INFO - Syncing recipients to ESP32...
2026-02-08 08:14:03 - INFO - No recipients to sync
2026-02-08 08:14:03 - INFO - ESP32 startup sync complete!
2026-02-08 08:14:07 - DEBUG - Switched to panel: dashboard
2026-02-08 08:14:07 - INFO - GUI initialization complete
2026-02-08 08:19:56 - INFO - Smart Sprayer Logger initialized
2026-02-08 08:19:56 - INFO - === Smart Sprayer GUI Started ===
2026-02-08 08:19:58 - INFO - Scheduler initialized
2026-02-08 08:19:58 - INFO - Scheduler started
2026-02-08 08:19:58 - INFO - Syncing ESP32 on startup...
2026-02-08 08:19:58 - INFO - Syncing time to ESP32 RTC...
2026-02-08 08:19:58 - INFO - Syncing recipients to ESP32...
2026-02-08 08:19:58 - INFO - No recipients to sync
2026-02-08 08:19:59 - INFO - ESP32 startup sync complete!
2026-02-08 08:20:02 - DEBUG - Switched to panel: dashboard
2026-02-08 08:20:02 - INFO - GUI initialization complete
2026-02-08 08:24:58 - INFO - Smart Sprayer Logger initialized
2026-02-08 08:24:58 - INFO - === Smart Sprayer GUI Started ===
2026-02-08 08:25:00 - INFO - Scheduler initialized
2026-02-08 08:25:00 - INFO - Scheduler started
2026-02-08 08:25:00 - INFO - Syncing ESP32 on startup...
2026-02-08 08:25:00 - INFO - Syncing time to ESP32 RTC...
2026-02-08 08:25:01 - INFO - Syncing recipients to ESP32...
2026-02-08 08:25:01 - INFO - No recipients to sync
2026-02-08 08:25:01 - INFO - ESP32 startup sync complete!
2026-02-08 08:25:05 - DEBUG - Switched to panel: dashboard
2026-02-08 08:25:05 - INFO - GUI initialization complete
2026-02-08 08:28:05 - INFO - Smart Sprayer Logger initialized
2026-02-08 08:28:05 - INFO - === Smart Sprayer GUI Started ===
2026-02-08 08:28:06 - INFO - Scheduler initialized
2026-02-08 08:28:06 - INFO - Scheduler started
2026-02-08 08:28:06 - WARNING - ESP32 not connected - skipping startup sync
2026-02-08 08:28:07 - DEBUG - Switched to panel: dashboard
2026-02-08 08:28:07 - INFO - GUI initialization complete
2026-02-08 08:28:27 - INFO - Smart Sprayer Logger initialized
2026-02-08 08:28:27 - INFO - === Smart Sprayer GUI Started ===
2026-02-08 08:28:30 - INFO - Scheduler initialized
2026-02-08 08:28:30 - INFO - Scheduler started
2026-02-08 08:28:30 - INFO - Syncing ESP32 on startup...
2026-02-08 08:28:30 - INFO - Syncing time to ESP32 RTC...
2026-02-08 08:28:30 - INFO - Syncing recipients to ESP32...
2026-02-08 08:28:30 - INFO - No recipients to sync
2026-02-08 08:28:30 - INFO - ESP32 startup sync complete!
2026-02-08 08:28:34 - DEBUG - Switched to panel: dashboard
2026-02-08 08:28:34 - INFO - GUI initialization complete
2026-02-08 08:35:58 - INFO - Smart Sprayer Logger initialized
2026-02-08 08:35:58 - INFO - === Smart Sprayer GUI Started ===
2026-02-08 08:36:00 - INFO - Scheduler initialized
2026-02-08 08:36:00 - INFO - Scheduler started
2026-02-08 08:36:00 - INFO - Syncing ESP32 on startup...
2026-02-08 08:36:00 - INFO - Syncing time to ESP32 RTC...
2026-02-08 08:36:00 - INFO - Syncing recipients to ESP32...
2026-02-08 08:36:01 - INFO - No recipients to sync
2026-02-08 08:36:02 - INFO - ESP32 startup sync complete!
2026-02-08 08:36:05 - DEBUG - Switched to panel: dashboard
2026-02-08 08:36:05 - INFO - GUI initialization complete
2026-02-08 08:41:14 - INFO - Smart Sprayer Logger initialized
2026-02-08 08:41:14 - INFO - === Smart Sprayer GUI Started ===
2026-02-08 08:41:17 - INFO - Scheduler initialized
2026-02-08 08:41:17 - INFO - Scheduler started
2026-02-08 08:41:17 - INFO - Syncing ESP32 on startup...
2026-02-08 08:41:17 - INFO - Syncing time to ESP32 RTC...
2026-02-08 08:41:17 - INFO - Syncing recipients to ESP32...
2026-02-08 08:41:17 - INFO - No recipients to sync
2026-02-08 08:41:17 - INFO - ESP32 startup sync complete!
2026-02-08 08:41:20 - DEBUG - Switched to panel: dashboard
2026-02-08 08:41:20 - INFO - GUI initialization complete
2026-02-08 08:44:06 - INFO - Smart Sprayer Logger initialized
2026-02-08 08:44:06 - INFO - === Smart Sprayer GUI Started ===
2026-02-08 08:44:09 - INFO - Scheduler initialized
2026-02-08 08:44:09 - INFO - Scheduler started
2026-02-08 08:44:09 - INFO - Syncing ESP32 on startup...
2026-02-08 08:44:09 - INFO - Syncing time to ESP32 RTC...
2026-02-08 08:44:10 - INFO - Syncing recipients to ESP32...
2026-02-08 08:44:10 - INFO - No recipients to sync
2026-02-08 08:44:10 - INFO - ESP32 startup sync complete!
2026-02-08 08:44:14 - DEBUG - Switched to panel: dashboard
2026-02-08 08:44:14 - INFO - GUI initialization complete
2026-02-08 08:45:14 - INFO - Smart Sprayer Logger initialized
2026-02-08 08:45:14 - INFO - === Smart Sprayer GUI Started ===
2026-02-08 08:45:16 - INFO - Scheduler initialized
2026-02-08 08:45:16 - INFO - Scheduler started
2026-02-08 08:45:16 - INFO - Syncing ESP32 on startup...
2026-02-08 08:45:16 - INFO - Syncing time to ESP32 RTC...
2026-02-08 08:45:17 - INFO - Syncing recipients to ESP32...
2026-02-08 08:45:18 - INFO - No recipients to sync
2026-02-08 08:45:18 - INFO - ESP32 startup sync complete!
2026-02-08 08:45:21 - DEBUG - Switched to panel: dashboard
2026-02-08 08:45:21 - INFO - GUI initialization complete
2026-02-08 08:47:14 - INFO - Smart Sprayer Logger initialized
2026-02-08 08:47:14 - INFO - === Smart Sprayer GUI Started ===
2026-02-08 08:47:16 - INFO - Scheduler initialized
2026-02-08 08:47:16 - INFO - Scheduler started
2026-02-08 08:47:16 - INFO - Syncing ESP32 on startup...
2026-02-08 08:47:16 - INFO - Syncing time to ESP32 RTC...
2026-02-08 08:47:19 - INFO - Syncing recipients to ESP32...
2026-02-08 08:47:19 - INFO - No recipients to sync
2026-02-08 08:47:19 - INFO - ESP32 startup sync complete!
2026-02-08 08:47:22 - DEBUG - Switched to panel: dashboard
2026-02-08 08:47:22 - INFO - GUI initialization complete
2026-02-08 08:52:51 - INFO - Smart Sprayer Logger initialized
2026-02-08 08:52:51 - INFO - === Smart Sprayer GUI Started ===
2026-02-08 08:52:53 - INFO - Scheduler initialized
2026-02-08 08:52:53 - INFO - Scheduler started
2026-02-08 08:52:53 - INFO - Syncing ESP32 on startup...
2026-02-08 08:52:53 - INFO - Syncing time to ESP32 RTC...
2026-02-08 08:52:53 - INFO - Syncing recipients to ESP32...
2026-02-08 08:52:53 - INFO - No recipients to sync
2026-02-08 08:52:54 - INFO - ESP32 startup sync complete!
2026-02-08 08:52:57 - DEBUG - Switched to panel: dashboard
2026-02-08 08:52:57 - INFO - GUI initialization complete
2026-02-08 09:03:52 - INFO - Smart Sprayer Logger initialized
2026-02-08 09:03:52 - INFO - === Smart Sprayer GUI Started ===
2026-02-08 09:03:54 - INFO - Scheduler initialized
2026-02-08 09:03:54 - INFO - Scheduler started
2026-02-08 09:03:54 - INFO - Syncing ESP32 on startup...
2026-02-08 09:03:54 - INFO - Syncing time to ESP32 RTC...
2026-02-08 09:03:54 - INFO - Syncing recipients to ESP32...
2026-02-08 09:03:55 - INFO - No recipients to sync
2026-02-08 09:03:55 - INFO - ESP32 startup sync complete!
2026-02-08 09:03:58 - DEBUG - Switched to panel: dashboard
2026-02-08 09:03:58 - INFO - GUI initialization complete
2026-02-08 09:26:37 - INFO - Smart Sprayer Logger initialized
2026-02-08 09:26:37 - INFO - === Smart Sprayer GUI Started ===
2026-02-08 09:26:40 - INFO - Scheduler initialized
2026-02-08 09:26:40 - INFO - Scheduler started
2026-02-08 09:26:40 - INFO - Syncing ESP32 on startup...
2026-02-08 09:26:40 - INFO - Syncing time to ESP32 RTC...
2026-02-08 09:26:40 - INFO - Syncing recipients to ESP32...
2026-02-08 09:26:40 - INFO - No recipients to sync
2026-02-08 09:26:40 - INFO - ESP32 startup sync complete!
2026-02-08 09:26:44 - DEBUG - Switched to panel: dashboard
2026-02-08 09:26:44 - INFO - GUI initialization complete
2026-02-08 09:28:21 - DEBUG - Switched to panel: scheduling
2026-02-08 09:28:24 - DEBUG - Switched to panel: previous_data
2026-02-08 09:28:28 - DEBUG - Switched to panel: scheduling
2026-02-08 09:28:42 - INFO - SCHEDULE CREATED - Date: 2026-02-08, Time: 08:00, Type: Fertilizer, Container: Container 1
2026-02-08 09:28:53 - DEBUG - Switched to panel: dashboard
2026-02-08 09:28:59 - DEBUG - Switched to panel: dashboard
2026-02-08 09:29:04 - DEBUG - Switched to panel: scheduling
2026-02-08 09:29:56 - DEBUG - Switched to panel: dashboard
2026-02-08 09:29:59 - DEBUG - Switched to panel: scheduling
2026-02-08 09:33:13 - DEBUG - Switched to panel: dashboard
2026-02-08 09:33:52 - INFO - Smart Sprayer Logger initialized
2026-02-08 09:33:52 - INFO - === Smart Sprayer GUI Started ===
2026-02-08 09:33:55 - INFO - Scheduler initialized
2026-02-08 09:33:55 - INFO - Scheduler started
2026-02-08 09:33:55 - INFO - Syncing ESP32 on startup...
2026-02-08 09:33:55 - INFO - Syncing time to ESP32 RTC...
2026-02-08 09:33:56 - INFO - Syncing recipients to ESP32...
2026-02-08 09:33:57 - INFO - No recipients to sync
2026-02-08 09:33:58 - INFO - ESP32 startup sync complete!
2026-02-08 09:34:01 - DEBUG - Switched to panel: dashboard
2026-02-08 09:34:01 - INFO - GUI initialization complete
2026-02-08 09:39:49 - DEBUG - Switched to panel: scheduling
2026-02-08 09:40:05 - WARNING - SCHEDULE CANCELLED - ID: SCH_001, Reason: User cancelled
2026-02-08 09:40:49 - INFO - SCHEDULE CREATED - Date: 2026-02-08, Time: 09:45, Type: Fertilizer, Container: Container 1
2026-02-08 09:44:01 - INFO - Smart Sprayer Logger initialized
2026-02-08 09:44:01 - INFO - === Smart Sprayer GUI Started ===
2026-02-08 09:44:04 - INFO - Scheduler initialized
2026-02-08 09:44:04 - INFO - Scheduler started
2026-02-08 09:44:04 - INFO - Syncing ESP32 on startup...
2026-02-08 09:44:04 - INFO - Syncing time to ESP32 RTC...
2026-02-08 09:44:04 - INFO - Syncing recipients to ESP32...
2026-02-08 09:44:05 - INFO - No recipients to sync
2026-02-08 09:44:05 - INFO - ESP32 startup sync complete!
2026-02-08 09:44:08 - DEBUG - Switched to panel: dashboard
2026-02-08 09:44:08 - INFO - GUI initialization complete
2026-02-08 09:44:17 - DEBUG - Switched to panel: scheduling
2026-02-08 09:44:29 - DEBUG - Switched to panel: dashboard
2026-02-08 09:44:44 - DEBUG - Switched to panel: scheduling
2026-02-08 09:45:00 - INFO - SCHEDULE CREATED - Date: 2026-02-08, Time: 09:50, Type: Fertilizer, Container: Container 1
2026-02-08 09:45:04 - INFO - Checking weather before spray...
2026-02-08 09:45:04 - WARNING - Rain detected! Checking reschedule count for schedule SCH_002
2026-02-08 09:45:04 - INFO - Weather reschedule attempt #1 for schedule SCH_002
2026-02-08 09:45:04 - INFO - Schedule SCH_002 rescheduled to 2026-02-09 09:45 due to weather (attempt 1/3)
2026-02-08 09:50:04 - INFO - Checking weather before spray...
2026-02-08 09:50:04 - WARNING - Rain detected! Checking reschedule count for schedule SCH_003
2026-02-08 09:50:04 - INFO - Weather reschedule attempt #1 for schedule SCH_003
2026-02-08 09:50:04 - INFO - Schedule SCH_003 rescheduled to 2026-02-09 09:50 due to weather (attempt 1/3)
2026-02-08 11:16:09 - INFO - Smart Sprayer Logger initialized
2026-02-08 11:16:09 - INFO - === Smart Sprayer GUI Started ===
2026-02-08 11:16:11 - INFO - Scheduler initialized
2026-02-08 11:16:11 - INFO - Scheduler started
2026-02-08 11:16:11 - INFO - Syncing ESP32 on startup...
2026-02-08 11:16:11 - INFO - Syncing time to ESP32 RTC...
2026-02-08 11:16:12 - INFO - Syncing recipients to ESP32...
2026-02-08 11:16:12 - INFO - No recipients to sync
2026-02-08 11:16:12 - INFO - ESP32 startup sync complete!
2026-02-08 11:16:16 - DEBUG - Switched to panel: dashboard
2026-02-08 11:16:16 - INFO - GUI initialization complete
2026-02-08 11:16:28 - DEBUG - Switched to panel: scheduling
2026-02-08 11:16:34 - DEBUG - Switched to panel: dashboard
2026-02-08 11:16:52 - DEBUG - Switched to panel: scheduling
2026-02-08 11:17:36 - INFO - SCHEDULE CREATED - Date: 2026-02-08, Time: 11:20, Type: Pesticide, Container: Container 2
2026-02-08 11:17:46 - DEBUG - Switched to panel: dashboard
2026-02-08 11:18:49 - DEBUG - Switched to panel: scheduling
2026-02-08 11:24:48 - INFO - Smart Sprayer Logger initialized
2026-02-08 11:24:48 - INFO - === Smart Sprayer GUI Started ===
2026-02-08 11:24:49 - INFO - Scheduler initialized
2026-02-08 11:24:49 - INFO - Scheduler started
2026-02-08 11:24:49 - WARNING - ESP32 not connected - skipping startup sync
2026-02-08 11:25:48 - INFO - Smart Sprayer Logger initialized
2026-02-08 11:25:48 - INFO - === Smart Sprayer GUI Started ===
2026-02-08 11:25:49 - INFO - Scheduler initialized
2026-02-08 11:25:49 - INFO - Scheduler started
2026-02-08 11:25:49 - WARNING - ESP32 not connected - skipping startup sync
2026-02-08 11:25:50 - DEBUG - Switched to panel: dashboard
2026-02-08 11:25:50 - INFO - GUI initialization complete
2026-02-08 11:26:30 - INFO - Smart Sprayer Logger initialized
2026-02-08 11:26:30 - INFO - === Smart Sprayer GUI Started ===
2026-02-08 11:26:33 - INFO - Scheduler initialized
2026-02-08 11:26:33 - INFO - Scheduler started
2026-02-08 11:26:33 - INFO - Syncing ESP32 on startup...
2026-02-08 11:26:33 - INFO - Syncing time to ESP32 RTC...
2026-02-08 11:26:34 - INFO - Syncing recipients to ESP32...
2026-02-08 11:26:34 - INFO - No recipients to sync
2026-02-08 11:26:34 - INFO - ESP32 startup sync complete!
2026-02-08 11:26:38 - DEBUG - Switched to panel: dashboard
2026-02-08 11:26:38 - INFO - GUI initialization complete
2026-02-08 11:26:49 - DEBUG - Switched to panel: scheduling
2026-02-08 11:27:29 - DEBUG - Switched to panel: dashboard
2026-02-08 11:27:49 - DEBUG - Switched to panel: scheduling
2026-02-08 11:27:58 - WARNING - SCHEDULE CANCELLED - ID: SCH_002, Reason: User cancelled
2026-02-08 11:28:03 - WARNING - SCHEDULE CANCELLED - ID: SCH_004, Reason: User cancelled
2026-02-08 11:28:08 - WARNING - SCHEDULE CANCELLED - ID: SCH_003, Reason: User cancelled
2026-02-08 11:28:37 - INFO - SCHEDULE CREATED - Date: 2026-02-08, Time: 11:30, Type: Fertilizer, Container: Container 1
2026-02-08 11:28:52 - DEBUG - Switched to panel: dashboard
2026-02-08 11:29:07 - DEBUG - Switched to panel: scheduling
2026-02-08 11:29:40 - DEBUG - Switched to panel: dashboard
2026-02-08 11:30:03 - INFO - Checking weather before spray...
2026-02-08 11:30:06 - WARNING - Weather unsuitable (rain)! Rescheduling schedule SCH_005
2026-02-08 11:30:06 - INFO - Weather reschedule attempt #1 for schedule SCH_005
2026-02-08 11:30:06 - INFO - Schedule SCH_005 rescheduled to 2026-02-09 11:30 due to weather (attempt 1/3)
2026-02-08 11:30:13 - DEBUG - Switched to panel: scheduling
2026-02-08 11:30:22 - DEBUG - Switched to panel: dashboard
2026-02-08 11:30:33 - DEBUG - Switched to panel: scheduling
2026-02-08 11:30:37 - DEBUG - Switched to panel: dashboard
2026-02-08 11:30:45 - DEBUG - Switched to panel: scheduling
2026-02-08 11:30:47 - DEBUG - Switched to panel: previous_data
2026-02-08 11:30:49 - DEBUG - Switched to panel: scheduling
2026-02-08 11:30:50 - DEBUG - Switched to panel: scheduling
2026-02-08 11:31:01 - DEBUG - Switched to panel: dashboard
2026-02-08 11:36:40 - DEBUG - Switched to panel: dashboard
2026-02-08 11:37:52 - INFO - === Shutting down Smart Sprayer ===
2026-02-08 11:37:54 - INFO - Scheduler stopped
2026-02-08 11:39:15 - INFO - Smart Sprayer Logger initialized
2026-02-08 11:39:15 - INFO - === Smart Sprayer GUI Started ===
2026-02-08 11:39:18 - INFO - Scheduler initialized
2026-02-08 11:39:18 - INFO - Scheduler started
2026-02-08 11:39:18 - INFO - Syncing ESP32 on startup...
2026-02-08 11:39:18 - INFO - Syncing time to ESP32 RTC...
2026-02-08 11:39:19 - INFO - Syncing recipients to ESP32...
2026-02-08 11:39:20 - INFO - No recipients to sync
2026-02-08 11:39:21 - INFO - ESP32 startup sync complete!
2026-02-08 11:39:24 - DEBUG - Switched to panel: dashboard
2026-02-08 11:39:24 - INFO - GUI initialization complete
2026-02-09 13:21:20 - INFO - Smart Sprayer Logger initialized
2026-02-09 13:21:20 - INFO - === Smart Sprayer GUI Started ===
2026-02-09 13:21:23 - INFO - Scheduler initialized
2026-02-09 13:21:23 - INFO - Scheduler started
2026-02-09 13:21:23 - INFO - Syncing ESP32 on startup...
2026-02-09 13:21:23 - INFO - Syncing time to ESP32 RTC...
2026-02-09 13:21:23 - INFO - Syncing recipients to ESP32...
2026-02-09 13:21:24 - INFO - No recipients to sync
2026-02-09 13:21:24 - INFO - ESP32 startup sync complete!
2026-02-09 13:21:28 - DEBUG - Switched to panel: dashboard
2026-02-09 13:21:28 - INFO - GUI initialization complete
2026-02-09 13:21:49 - DEBUG - Switched to panel: scheduling
2026-02-09 13:22:33 - DEBUG - Switched to panel: previous_data
2026-02-09 13:22:34 - DEBUG - Switched to panel: dashboard
2026-02-09 13:22:40 - DEBUG - Switched to panel: scheduling
2026-02-09 13:24:09 - WARNING - SCHEDULE RESCHEDULED - Old date: 2026-02-09, New date: 2026-02-09, Reschedule count: 2
2026-02-09 13:24:27 - DEBUG - Switched to panel: dashboard
2026-02-09 13:24:48 - DEBUG - Switched to panel: settings
2026-02-09 13:25:01 - DEBUG - Switched to panel: spraying_events_logs
2026-02-09 13:25:03 - INFO - Checking weather before spray...
2026-02-09 13:25:03 - WARNING - Weather unsuitable (rain)! Rescheduling schedule SCH_005
2026-02-09 13:25:03 - INFO - Weather reschedule attempt #3 for schedule SCH_005
2026-02-09 13:25:03 - INFO - Schedule SCH_005 rescheduled to 2026-02-10 13:25 due to weather (attempt 3/3)
2026-02-09 13:25:04 - DEBUG - Switched to panel: notifications
2026-02-09 13:25:05 - DEBUG - Switched to panel: notifications
2026-02-09 13:25:10 - DEBUG - Switched to panel: previous_data
2026-02-09 13:25:16 - DEBUG - Switched to panel: dashboard
2026-02-09 13:26:15 - DEBUG - Switched to panel: scheduling
2026-02-09 13:27:01 - INFO - SCHEDULE CREATED - Date: 2026-02-09, Time: 13:30, Type: Fertilizer, Container: Container 1
2026-02-09 13:27:50 - DEBUG - Switched to panel: dashboard
2026-02-09 13:27:56 - DEBUG - Switched to panel: scheduling
2026-02-09 13:30:00 - DEBUG - Switched to panel: previous_data
2026-02-09 13:30:05 - INFO - Checking weather before spray...
2026-02-09 13:30:05 - WARNING - Weather unsuitable (rain)! Rescheduling schedule SCH_006
2026-02-09 13:30:05 - INFO - Weather reschedule attempt #1 for schedule SCH_006
2026-02-09 13:30:05 - INFO - Schedule SCH_006 rescheduled to 2026-02-10 13:30 due to weather (attempt 1/3)
2026-02-09 13:30:07 - DEBUG - Switched to panel: notifications
2026-02-09 13:30:07 - DEBUG - Switched to panel: notifications
2026-02-09 13:30:07 - DEBUG - Switched to panel: notifications
2026-02-09 13:30:13 - DEBUG - Switched to panel: spraying_events_logs
2026-02-09 13:30:16 - DEBUG - Switched to panel: scheduling
2026-02-09 13:30:35 - DEBUG - Switched to panel: spraying_events_logs
2026-02-09 13:31:03 - DEBUG - Switched to panel: settings
2026-02-09 13:31:03 - DEBUG - Switched to panel: settings
2026-02-09 13:31:03 - DEBUG - Switched to panel: settings
2026-02-09 13:31:40 - DEBUG - Switched to panel: spraying_events_logs
2026-02-09 13:31:44 - DEBUG - Switched to panel: notifications
2026-02-09 13:32:00 - DEBUG - Switched to panel: previous_data
2026-02-09 13:32:05 - DEBUG - Switched to panel: scheduling
2026-02-09 13:34:04 - DEBUG - Switched to panel: previous_data
2026-02-09 13:34:40 - DEBUG - Switched to panel: dashboard
2026-02-09 13:36:06 - DEBUG - Switched to panel: spraying_events_logs
2026-02-09 13:36:07 - DEBUG - Switched to panel: notifications
2026-02-09 13:38:22 - DEBUG - Switched to panel: previous_data
2026-02-09 13:38:22 - DEBUG - Switched to panel: previous_data
2026-02-09 13:38:22 - DEBUG - Switched to panel: previous_data
2026-02-09 13:38:23 - DEBUG - Switched to panel: previous_data
2026-02-09 13:38:24 - DEBUG - Switched to panel: previous_data
2026-02-09 13:38:25 - DEBUG - Switched to panel: scheduling
2026-02-09 13:38:28 - DEBUG - Switched to panel: scheduling
2026-02-09 13:38:28 - DEBUG - Switched to panel: scheduling
2026-02-09 13:38:28 - DEBUG - Switched to panel: scheduling
2026-02-09 13:38:29 - DEBUG - Switched to panel: scheduling
2026-02-09 13:38:30 - DEBUG - Switched to panel: scheduling
2026-02-09 13:38:30 - DEBUG - Switched to panel: scheduling
2026-02-09 13:38:30 - DEBUG - Switched to panel: scheduling
2026-02-09 13:38:30 - DEBUG - Switched to panel: scheduling
2026-02-09 13:38:30 - DEBUG - Switched to panel: scheduling
2026-02-09 13:38:30 - DEBUG - Switched to panel: scheduling
2026-02-09 13:38:30 - DEBUG - Switched to panel: scheduling
2026-02-09 13:39:50 - INFO - Smart Sprayer Logger initialized
2026-02-09 13:39:50 - INFO - === Smart Sprayer GUI Started ===
2026-02-09 13:39:53 - INFO - Scheduler initialized
2026-02-09 13:39:53 - INFO - Scheduler started
2026-02-09 13:39:53 - INFO - Syncing ESP32 on startup...
2026-02-09 13:39:53 - INFO - Syncing time to ESP32 RTC...
2026-02-09 13:39:53 - INFO - Syncing recipients to ESP32...
2026-02-09 13:39:54 - INFO - No recipients to sync
2026-02-09 13:39:55 - INFO - ESP32 startup sync complete!
2026-02-09 13:39:59 - DEBUG - Switched to panel: dashboard
2026-02-09 13:39:59 - INFO - GUI initialization complete
2026-02-09 13:40:45 - INFO - Smart Sprayer Logger initialized
2026-02-09 13:40:45 - INFO - === Smart Sprayer GUI Started ===
2026-02-09 13:40:47 - INFO - Scheduler initialized
2026-02-09 13:40:47 - INFO - Scheduler started
2026-02-09 13:40:47 - INFO - Syncing ESP32 on startup...
2026-02-09 13:40:47 - INFO - Syncing time to ESP32 RTC...
2026-02-09 13:40:48 - INFO - Syncing recipients to ESP32...
2026-02-09 13:40:50 - INFO - No recipients to sync
2026-02-09 13:40:51 - INFO - ESP32 startup sync complete!
2026-02-09 13:40:55 - DEBUG - Switched to panel: dashboard
2026-02-09 13:40:55 - INFO - GUI initialization complete
2026-02-09 13:41:50 - INFO - Smart Sprayer Logger initialized
2026-02-09 13:41:50 - INFO - === Smart Sprayer GUI Started ===
2026-02-09 13:41:53 - INFO - Scheduler initialized
2026-02-09 13:41:53 - INFO - Scheduler started
2026-02-09 13:41:53 - INFO - Syncing ESP32 on startup...
2026-02-09 13:41:53 - INFO - Syncing time to ESP32 RTC...
2026-02-09 13:41:53 - INFO - Syncing recipients to ESP32...
2026-02-09 13:41:53 - INFO - No recipients to sync
2026-02-09 13:41:53 - INFO - ESP32 startup sync complete!
2026-02-09 13:41:57 - DEBUG - Switched to panel: dashboard
2026-02-09 13:41:57 - INFO - GUI initialization complete
2026-02-09 13:42:36 - INFO - Smart Sprayer Logger initialized
2026-02-09 13:42:36 - INFO - === Smart Sprayer GUI Started ===
2026-02-09 13:42:39 - INFO - Scheduler initialized
2026-02-09 13:42:39 - INFO - Scheduler started
2026-02-09 13:42:39 - INFO - Syncing ESP32 on startup...
2026-02-09 13:42:39 - INFO - Syncing time to ESP32 RTC...
2026-02-09 13:42:40 - INFO - Syncing recipients to ESP32...
2026-02-09 13:42:41 - INFO - No recipients to sync
2026-02-09 13:42:43 - INFO - ESP32 startup sync complete!
2026-02-09 13:42:46 - DEBUG - Switched to panel: dashboard
2026-02-09 13:42:46 - INFO - GUI initialization complete
2026-02-09 13:54:59 - INFO - Smart Sprayer Logger initialized
2026-02-09 13:54:59 - INFO - === Smart Sprayer GUI Started ===
2026-02-09 13:55:01 - INFO - Scheduler initialized
2026-02-09 13:55:01 - INFO - Scheduler started
2026-02-09 13:55:01 - INFO - Syncing ESP32 on startup...
2026-02-09 13:55:01 - INFO - Syncing time to ESP32 RTC...
2026-02-09 13:55:03 - INFO - Syncing recipients to ESP32...
2026-02-09 13:55:04 - INFO - No recipients to sync
2026-02-09 13:55:05 - INFO - ESP32 startup sync complete!
2026-02-09 13:55:09 - DEBUG - Switched to panel: dashboard
2026-02-09 13:55:09 - INFO - GUI initialization complete
2026-02-09 13:55:40 - DEBUG - Switched to panel: scheduling
2026-02-09 13:55:40 - DEBUG - Switched to panel: scheduling
2026-02-09 13:55:40 - DEBUG - Switched to panel: scheduling
2026-02-09 13:57:10 - INFO - SCHEDULE CREATED - Date: 2026-02-09, Time: 14:00, Type: Fertilizer, Container: Container 1
2026-02-09 13:57:24 - DEBUG - Switched to panel: dashboard
2026-02-09 13:57:24 - DEBUG - Switched to panel: dashboard
2026-02-09 13:57:36 - DEBUG - Switched to panel: scheduling
2026-02-09 13:58:52 - DEBUG - Switched to panel: settings
2026-02-09 13:58:58 - DEBUG - Switched to panel: dashboard
2026-02-09 13:59:47 - DEBUG - Switched to panel: scheduling
2026-02-09 13:59:47 - DEBUG - Switched to panel: scheduling
2026-02-09 13:59:47 - DEBUG - Switched to panel: scheduling
2026-02-09 13:59:47 - DEBUG - Switched to panel: scheduling
2026-02-09 13:59:49 - DEBUG - Switched to panel: scheduling
2026-02-09 13:59:53 - DEBUG - Switched to panel: previous_data
2026-02-09 14:00:00 - DEBUG - Switched to panel: notifications
2026-02-09 14:00:01 - INFO - Checking weather before spray...
2026-02-09 14:00:02 - DEBUG - Switched to panel: notifications
2026-02-09 14:00:02 - INFO - Weather check passed - safe to spray
2026-02-09 14:00:02 - INFO - SPRAY EXECUTED - Date: 2026-02-09, Time: 14:00, Type: Fertilizer, Container: Container 1
2026-02-09 14:00:02 - INFO - Executing spray: Fertilizer using Container 1, 1000.0mL for 12.0 seconds
2026-02-09 14:00:03 - INFO - SPRAY COMPLETED - ID: SCH_007, Duration: 12.0s
2026-02-09 14:00:25 - DEBUG - Switched to panel: spraying_events_logs
2026-02-09 14:01:23 - DEBUG - Switched to panel: settings
2026-02-09 14:01:49 - DEBUG - Switched to panel: spraying_events_logs
2026-02-09 14:03:13 - DEBUG - Switched to panel: previous_data
2026-02-09 14:03:15 - DEBUG - Switched to panel: previous_data
2026-02-09 14:03:15 - DEBUG - Switched to panel: previous_data
2026-02-09 14:03:15 - DEBUG - Switched to panel: previous_data
2026-02-09 14:03:20 - DEBUG - Switched to panel: notifications
2026-02-09 14:04:13 - DEBUG - Switched to panel: previous_data
2026-02-09 14:04:26 - DEBUG - Switched to panel: scheduling
2026-02-09 14:04:49 - INFO - SCHEDULE CREATED - Date: 2026-02-09, Time: 14:10, Type: Fertilizer, Container: Container 1
2026-02-09 14:04:56 - DEBUG - Switched to panel: dashboard
2026-02-09 14:10:02 - INFO - Checking weather before spray...
2026-02-09 14:10:03 - INFO - Weather check passed - safe to spray
2026-02-09 14:10:03 - INFO - SPRAY EXECUTED - Date: 2026-02-09, Time: 14:10, Type: Fertilizer, Container: Container 1
2026-02-09 14:10:03 - INFO - Executing spray: Fertilizer using Container 1, 1000.0mL for 12.0 seconds
2026-02-09 14:10:04 - INFO - SPRAY COMPLETED - ID: SCH_008, Duration: 12.0s
2026-02-09 14:14:00 - DEBUG - Switched to panel: scheduling
2026-02-09 14:14:36 - DEBUG - Switched to panel: dashboard
2026-02-09 14:25:18 - DEBUG - Switched to panel: scheduling
2026-02-09 15:31:00 - DEBUG - Switched to panel: dashboard
2026-02-09 15:32:59 - INFO - Smart Sprayer Logger initialized
2026-02-09 15:32:59 - INFO - === Smart Sprayer GUI Started ===
2026-02-09 15:33:02 - INFO - Scheduler initialized
2026-02-09 15:33:02 - INFO - Scheduler started
2026-02-09 15:33:02 - INFO - Syncing ESP32 on startup...
2026-02-09 15:33:02 - INFO - Syncing time to ESP32 RTC...
2026-02-09 15:33:03 - INFO - Syncing recipients to ESP32...
2026-02-09 15:33:04 - INFO - No recipients to sync
2026-02-09 15:33:05 - INFO - ESP32 startup sync complete!
2026-02-09 15:33:09 - DEBUG - Switched to panel: dashboard
2026-02-09 15:33:09 - INFO - GUI initialization complete
2026-02-09 15:57:18 - DEBUG - Switched to panel: scheduling
2026-02-09 15:58:56 - DEBUG - Switched to panel: dashboard
2026-02-09 15:59:51 - DEBUG - Switched to panel: scheduling
2026-02-09 16:00:26 - INFO - SCHEDULE CREATED - Date: 2026-02-09, Time: 16:00, Type: Fertilizer, Container: Container 1
2026-02-09 16:00:32 - INFO - Checking weather before spray...
2026-02-09 16:00:32 - INFO - Weather check passed - safe to spray
2026-02-09 16:00:32 - INFO - SPRAY EXECUTED - Date: 2026-02-09, Time: 16:00, Type: Fertilizer, Container: Container 1
2026-02-09 16:00:32 - INFO - Executing spray: Fertilizer using Container 1, 1000.0mL for 12.0 seconds
2026-02-09 16:00:33 - INFO - SPRAY COMPLETED - ID: SCH_009, Duration: 12.0s
2026-02-09 16:01:53 - INFO - SCHEDULE CREATED - Date: 2026-02-09, Time: 16:05, Type: Fertilizer, Container: Container 1
2026-02-09 16:02:17 - DEBUG - Switched to panel: dashboard
2026-02-09 16:03:50 - DEBUG - Switched to panel: scheduling
2026-02-09 16:04:00 - DEBUG - Switched to panel: dashboard
2026-02-09 16:05:02 - INFO - Checking weather before spray...
2026-02-09 16:05:03 - INFO - Weather check passed - safe to spray
2026-02-09 16:05:03 - INFO - SPRAY EXECUTED - Date: 2026-02-09, Time: 16:05, Type: Fertilizer, Container: Container 1
2026-02-09 16:05:03 - INFO - Executing spray: Fertilizer using Container 1, 1000.0mL for 12.0 seconds
2026-02-09 16:05:04 - INFO - SPRAY COMPLETED - ID: SCH_010, Duration: 12.0s
2026-02-09 16:05:50 - DEBUG - Switched to panel: scheduling
2026-02-09 16:06:05 - DEBUG - Switched to panel: dashboard
2026-02-09 16:06:15 - DEBUG - Switched to panel: scheduling
2026-02-09 16:07:03 - WARNING - SCHEDULE CANCELLED - ID: SCH_005, Reason: User cancelled
2026-02-09 16:07:17 - WARNING - SCHEDULE CANCELLED - ID: SCH_006, Reason: User cancelled
2026-02-09 16:08:03 - INFO - SCHEDULE CREATED - Date: 2026-02-09, Time: 16:10, Type: Fertilizer, Container: Container 1
2026-02-09 16:08:30 - DEBUG - Switched to panel: dashboard
2026-02-09 16:10:03 - INFO - Checking weather before spray...
2026-02-09 16:10:04 - INFO - Weather check passed - safe to spray
2026-02-09 16:10:04 - INFO - SPRAY EXECUTED - Date: 2026-02-09, Time: 16:10, Type: Fertilizer, Container: Container 1
2026-02-09 16:10:04 - INFO - Executing spray: Fertilizer using Container 1, 1000.0mL for 12.0 seconds
2026-02-09 16:10:05 - INFO - SPRAY COMPLETED - ID: SCH_011, Duration: 12.0s
2026-02-09 16:11:14 - DEBUG - Switched to panel: dashboard
2026-02-09 16:12:30 - INFO - Smart Sprayer Logger initialized
2026-02-09 16:12:30 - INFO - === Smart Sprayer GUI Started ===
2026-02-09 16:12:32 - INFO - Scheduler initialized
2026-02-09 16:12:32 - INFO - Scheduler started
2026-02-09 16:12:32 - INFO - Syncing ESP32 on startup...
2026-02-09 16:12:32 - INFO - Syncing time to ESP32 RTC...
2026-02-09 16:12:32 - INFO - Syncing recipients to ESP32...
2026-02-09 16:12:33 - INFO - No recipients to sync
2026-02-09 16:12:34 - INFO - ESP32 startup sync complete!
2026-02-09 16:12:38 - DEBUG - Switched to panel: dashboard
2026-02-09 16:12:38 - INFO - GUI initialization complete
2026-02-09 16:12:44 - DEBUG - Switched to panel: scheduling
2026-02-09 16:13:24 - INFO - SCHEDULE CREATED - Date: 2026-02-09, Time: 16:15, Type: Fertilizer, Container: Container 1
2026-02-09 16:13:52 - DEBUG - Switched to panel: dashboard
2026-02-09 16:14:54 - DEBUG - Switched to panel: dashboard
2026-02-09 16:15:02 - INFO - Checking weather before spray...
2026-02-09 16:15:02 - WARNING - Weather unsuitable (rain)! Rescheduling schedule SCH_012
2026-02-09 16:15:02 - INFO - Weather reschedule attempt #1 for schedule SCH_012
2026-02-09 16:15:02 - INFO - Schedule SCH_012 rescheduled to 2026-02-10 16:15 due to weather (attempt 1/3)
2026-02-09 16:15:29 - DEBUG - Switched to panel: scheduling
2026-02-09 16:33:58 - DEBUG - Switched to panel: dashboard
2026-02-21 21:44:39 - INFO - Smart Sprayer Logger initialized
2026-02-21 21:44:39 - INFO - === Smart Sprayer GUI Started ===
2026-02-21 21:44:42 - INFO - Scheduler initialized
2026-02-21 21:44:42 - INFO - Scheduler started
2026-02-21 21:44:42 - INFO - Syncing ESP32 on startup...
2026-02-21 21:44:42 - INFO - Syncing time to ESP32 RTC...
2026-02-21 21:44:42 - INFO - Syncing recipients to ESP32...
2026-02-21 21:44:42 - INFO - No recipients to sync
2026-02-21 21:44:42 - INFO - ESP32 startup sync complete!
2026-02-21 21:44:46 - DEBUG - Switched to panel: dashboard
2026-02-21 21:44:46 - INFO - GUI initialization complete
2026-02-21 21:45:17 - DEBUG - Switched to panel: scheduling
2026-02-21 21:45:43 - WARNING - SCHEDULE CANCELLED - ID: SCH_012, Reason: User cancelled
2026-02-21 21:45:50 - DEBUG - Switched to panel: dashboard
2026-02-21 21:47:18 - DEBUG - Switched to panel: dashboard
2026-02-21 21:47:19 - DEBUG - Switched to panel: dashboard
2026-02-21 21:47:19 - DEBUG - Switched to panel: dashboard
2026-02-21 21:47:20 - DEBUG - Switched to panel: dashboard
2026-02-21 21:47:20 - DEBUG - Switched to panel: dashboard
2026-02-21 21:47:20 - DEBUG - Switched to panel: dashboard
2026-02-21 21:47:20 - DEBUG - Switched to panel: dashboard
2026-02-21 21:47:33 - DEBUG - Switched to panel: previous_data
2026-02-21 21:47:34 - DEBUG - Switched to panel: notifications
2026-02-21 21:47:39 - DEBUG - Switched to panel: spraying_events_logs
2026-02-21 21:47:40 - DEBUG - Switched to panel: spraying_events_logs
2026-02-21 21:47:43 - DEBUG - Switched to panel: settings
2026-02-21 21:47:44 - DEBUG - Switched to panel: spraying_events_logs
2026-02-21 21:47:47 - DEBUG - Switched to panel: dashboard
2026-02-21 21:47:47 - DEBUG - Switched to panel: dashboard
2026-02-21 21:49:35 - INFO - Smart Sprayer Logger initialized
2026-02-21 21:49:35 - INFO - === Smart Sprayer GUI Started ===
2026-02-21 21:49:37 - INFO - Scheduler initialized
2026-02-21 21:49:37 - INFO - Scheduler started
2026-02-21 21:49:37 - INFO - Syncing ESP32 on startup...
2026-02-21 21:49:37 - INFO - Syncing time to ESP32 RTC...
2026-02-21 21:49:38 - INFO - Syncing recipients to ESP32...
2026-02-21 21:49:39 - INFO - No recipients to sync
2026-02-21 21:49:40 - INFO - ESP32 startup sync complete!
2026-02-21 21:49:44 - DEBUG - Switched to panel: dashboard
2026-02-21 21:49:44 - INFO - GUI initialization complete
2026-02-21 21:52:29 - INFO - Smart Sprayer Logger initialized
2026-02-21 21:52:29 - INFO - === Smart Sprayer GUI Started ===
2026-02-21 21:52:34 - INFO - Scheduler initialized
2026-02-21 21:52:34 - INFO - Scheduler started
2026-02-21 21:52:34 - INFO - Syncing ESP32 on startup...
2026-02-21 21:52:34 - INFO - Syncing time to ESP32 RTC...
2026-02-21 21:52:34 - INFO - Syncing recipients to ESP32...
2026-02-21 21:52:34 - INFO - No recipients to sync
2026-02-21 21:52:34 - INFO - ESP32 startup sync complete!
2026-02-21 21:52:38 - DEBUG - Switched to panel: dashboard
2026-02-21 21:52:38 - INFO - GUI initialization complete
2026-02-21 21:52:52 - DEBUG - Switched to panel: scheduling
2026-02-21 21:53:26 - INFO - SCHEDULE CREATED - Date: 2026-02-21, Time: 21:55, Type: Fertilizer, Container: Container 1
2026-02-21 21:54:19 - INFO - SCHEDULE CREATED - Date: 2026-02-21, Time: 22:00, Type: Fertilizer, Container: Container 1
2026-02-21 21:55:03 - DEBUG - Switched to panel: dashboard
2026-02-21 21:55:04 - INFO - Checking weather before spray...
2026-02-21 21:55:04 - WARNING - Weather unsuitable (rain)! Rescheduling schedule SCH_013
2026-02-21 21:55:04 - INFO - Weather reschedule attempt #1 for schedule SCH_013
2026-02-21 21:55:04 - INFO - Schedule SCH_013 rescheduled to 2026-02-22 21:55 due to weather (attempt 1/3)
2026-02-21 21:55:24 - DEBUG - Switched to panel: scheduling
2026-02-21 21:55:40 - INFO - SCHEDULE CREATED - Date: 2026-02-22, Time: 08:00, Type: Fertilizer, Container: Container 1
2026-02-21 21:56:39 - INFO - SCHEDULE CREATED - Date: 2026-02-22, Time: 08:10, Type: Fertilizer, Container: Container 1
2026-02-21 21:57:28 - INFO - SCHEDULE CREATED - Date: 2026-02-22, Time: 08:20, Type: Fertilizer, Container: Container 1
2026-02-21 21:58:04 - INFO - SCHEDULE CREATED - Date: 2026-02-22, Time: 08:30, Type: Fertilizer, Container: Container 1
2026-02-21 21:58:39 - INFO - SCHEDULE CREATED - Date: 2026-02-22, Time: 08:40, Type: Fertilizer, Container: Container 1
2026-02-21 21:59:11 - INFO - SCHEDULE CREATED - Date: 2026-02-22, Time: 08:50, Type: Fertilizer, Container: Container 1
2026-02-21 21:59:45 - INFO - SCHEDULE CREATED - Date: 2026-02-22, Time: 09:00, Type: Fertilizer, Container: Container 1
2026-02-21 22:00:04 - INFO - Checking weather before spray...
2026-02-21 22:00:18 - INFO - Weather check passed - safe to spray
2026-02-21 22:00:18 - INFO - SPRAY EXECUTED - Date: 2026-02-21, Time: 22:00, Type: Fertilizer, Container: Container 1
2026-02-21 22:00:18 - INFO - Executing spray: Fertilizer using Container 1, 5000.0mL for 60.0 seconds
2026-02-21 22:00:19 - INFO - SPRAY COMPLETED - ID: SCH_014, Duration: 60.0s
2026-02-21 22:00:21 - DEBUG - Switched to panel: dashboard
2026-02-21 22:00:21 - DEBUG - Switched to panel: dashboard
2026-02-21 22:00:33 - DEBUG - Switched to panel: dashboard
2026-02-21 22:00:50 - DEBUG - Switched to panel: scheduling
2026-02-21 22:00:50 - DEBUG - Switched to panel: scheduling
2026-02-22 08:45:04 - INFO - Smart Sprayer Logger initialized
2026-02-22 08:45:04 - INFO - === Smart Sprayer GUI Started ===
2026-02-22 08:45:08 - INFO - Scheduler initialized
2026-02-22 08:45:08 - INFO - Scheduler started
2026-02-22 08:45:08 - INFO - Syncing ESP32 on startup...
2026-02-22 08:45:08 - INFO - Syncing time to ESP32 RTC...
2026-02-22 08:45:08 - INFO - Syncing recipients to ESP32...
2026-02-22 08:45:08 - INFO - No recipients to sync
2026-02-22 08:45:09 - INFO - ESP32 startup sync complete!
2026-02-22 08:45:13 - DEBUG - Switched to panel: dashboard
2026-02-22 08:45:13 - INFO - GUI initialization complete
2026-02-22 08:45:41 - DEBUG - Switched to panel: scheduling
2026-02-22 08:46:56 - DEBUG - Switched to panel: spraying_events_logs
2026-02-22 08:46:56 - DEBUG - Switched to panel: notifications
2026-02-22 08:46:59 - DEBUG - Switched to panel: previous_data
2026-02-22 08:47:16 - DEBUG - Switched to panel: scheduling
2026-02-22 08:47:19 - DEBUG - Switched to panel: scheduling
2026-02-22 08:48:04 - INFO - SCHEDULE CREATED - Date: 2026-02-22, Time: 09:10, Type: Fertilizer, Container: Container 1
2026-02-22 08:48:36 - INFO - SCHEDULE CREATED - Date: 2026-02-22, Time: 08:15, Type: Pesticide, Container: Container 2
2026-02-22 08:49:53 - INFO - SCHEDULE CREATED - Date: 2026-02-22, Time: 09:15, Type: Pesticide, Container: Container 2
2026-02-22 08:50:01 - DEBUG - Switched to panel: dashboard
2026-02-22 08:50:01 - DEBUG - Switched to panel: dashboard
2026-02-22 08:50:01 - DEBUG - Switched to panel: dashboard
2026-02-22 08:50:01 - DEBUG - Switched to panel: dashboard
2026-02-22 08:50:01 - DEBUG - Switched to panel: dashboard
2026-02-22 08:50:08 - INFO - Checking weather before spray...
2026-02-22 08:50:09 - WARNING - Weather unsuitable (rain)! Rescheduling schedule SCH_020
2026-02-22 08:50:09 - INFO - Weather reschedule attempt #1 for schedule SCH_020
2026-02-22 08:50:09 - INFO - Schedule SCH_020 rescheduled to 2026-02-23 08:50 due to weather (attempt 1/3)
2026-02-22 08:50:24 - DEBUG - Switched to panel: scheduling
2026-02-22 08:50:28 - DEBUG - Switched to panel: previous_data
2026-02-22 08:50:32 - DEBUG - Switched to panel: scheduling
2026-02-22 08:50:34 - DEBUG - Switched to panel: scheduling
2026-02-22 08:52:22 - DEBUG - Switched to panel: spraying_events_logs
2026-02-22 08:52:27 - DEBUG - Switched to panel: notifications
2026-02-22 08:52:46 - DEBUG - Switched to panel: previous_data
2026-02-22 08:52:46 - DEBUG - Switched to panel: scheduling
2026-02-22 08:53:30 - INFO - SCHEDULE CREATED - Date: 2026-02-22, Time: 09:20, Type: Fertilizer, Container: Container 1
2026-02-22 08:53:58 - INFO - SCHEDULE CREATED - Date: 2026-02-22, Time: 09:25, Type: Fertilizer, Container: Container 1
2026-02-22 08:54:39 - INFO - SCHEDULE CREATED - Date: 2026-02-22, Time: 08:30, Type: Pesticide, Container: Container 2
2026-02-22 08:56:32 - INFO - SCHEDULE CREATED - Date: 2026-02-22, Time: 09:30, Type: Pesticide, Container: Container 2
2026-02-22 08:57:05 - INFO - SCHEDULE CREATED - Date: 2026-02-22, Time: 09:35, Type: Pesticide, Container: Container 2
2026-02-22 08:57:59 - INFO - SCHEDULE CREATED - Date: 2026-02-22, Time: 09:40, Type: Fertilizer, Container: Container 1
2026-02-22 08:58:37 - INFO - SCHEDULE CREATED - Date: 2026-02-22, Time: 09:40, Type: Pesticide, Container: Container 2
2026-02-22 09:00:09 - INFO - Checking weather before spray...
2026-02-22 09:00:24 - WARNING - Weather check timeout - proceeding with spray
2026-02-22 09:00:24 - INFO - SPRAY EXECUTED - Date: 2026-02-22, Time: 09:00, Type: Fertilizer, Container: Container 1
2026-02-22 09:00:24 - INFO - Executing spray: Fertilizer using Container 1, 1000.0mL for 12.0 seconds
2026-02-22 09:00:25 - INFO - SPRAY COMPLETED - ID: SCH_021, Duration: 12.0s
2026-02-22 09:01:01 - DEBUG - Switched to panel: dashboard
2026-02-22 09:01:01 - DEBUG - Switched to panel: dashboard
2026-02-22 09:01:01 - DEBUG - Switched to panel: dashboard
2026-02-22 09:01:29 - DEBUG - Switched to panel: dashboard
2026-02-22 09:01:29 - DEBUG - Switched to panel: dashboard
2026-02-22 09:01:29 - DEBUG - Switched to panel: dashboard
2026-02-22 09:01:29 - DEBUG - Switched to panel: dashboard
2026-02-22 09:01:29 - DEBUG - Switched to panel: dashboard
2026-02-22 09:01:29 - DEBUG - Switched to panel: dashboard
2026-02-22 09:01:29 - DEBUG - Switched to panel: dashboard
2026-02-22 09:01:32 - DEBUG - Switched to panel: dashboard
2026-02-22 09:01:32 - DEBUG - Switched to panel: dashboard
2026-02-22 09:01:32 - DEBUG - Switched to panel: previous_data
2026-02-22 09:01:32 - DEBUG - Switched to panel: previous_data
                                                                                                                                            2026-02-22 09:11:51 - INFO - Smart Sprayer Logger initialized
2026-02-22 09:11:51 - INFO - === Smart Sprayer GUI Started ===
2026-02-22 09:11:56 - INFO - Scheduler initialized
2026-02-22 09:11:56 - INFO - Scheduler started
2026-02-22 09:11:56 - INFO - Syncing ESP32 on startup...
2026-02-22 09:11:56 - INFO - Syncing time to ESP32 RTC...
2026-02-22 09:11:57 - INFO - Syncing recipients to ESP32...
2026-02-22 09:11:57 - INFO - No recipients to sync
2026-02-22 09:11:57 - INFO - ESP32 startup sync complete!
2026-02-22 09:12:02 - DEBUG - Switched to panel: dashboard
2026-02-22 09:12:02 - INFO - GUI initialization complete
2026-02-22 09:12:02 - DEBUG - Switched to panel: dashboard
2026-02-22 09:12:55 - DEBUG - Switched to panel: scheduling
2026-02-22 09:13:51 - DEBUG - Switched to panel: dashboard
2026-02-22 09:15:06 - INFO - Checking weather before spray...
2026-02-22 09:15:11 - WARNING - Weather unsuitable (forecast)! Rescheduling schedule SCH_024
2026-02-22 09:15:11 - INFO - Weather reschedule attempt #1 for schedule SCH_024
2026-02-22 09:15:11 - INFO - Schedule SCH_024 rescheduled to 2026-02-23 09:15 due to weather (attempt 1/3)
2026-02-22 09:15:48 - DEBUG - Switched to panel: dashboard
2026-02-22 09:15:50 - DEBUG - Switched to panel: dashboard
2026-02-22 09:15:51 - DEBUG - Switched to panel: scheduling
2026-02-22 09:16:10 - DEBUG - Switched to panel: dashboard
2026-02-22 09:18:13 - DEBUG - Switched to panel: previous_data
2026-02-22 09:18:13 - DEBUG - Switched to panel: previous_data
2026-02-22 09:18:15 - DEBUG - Switched to panel: previous_data
2026-02-22 09:18:15 - DEBUG - Switched to panel: previous_data
2026-02-22 09:18:32 - DEBUG - Switched to panel: dashboard
2026-02-22 09:19:41 - DEBUG - Switched to panel: scheduling
2026-02-22 09:20:01 - INFO - Checking weather before spray...
2026-02-22 09:20:02 - WARNING - Weather unsuitable (forecast)! Rescheduling schedule SCH_025
2026-02-22 09:20:02 - INFO - Weather reschedule attempt #1 for schedule SCH_025
2026-02-22 09:20:02 - INFO - Schedule SCH_025 rescheduled to 2026-02-23 09:20 due to weather (attempt 1/3)
2026-02-22 09:20:47 - DEBUG - Switched to panel: dashboard
2026-02-22 09:56:22 - INFO - Smart Sprayer Logger initialized
2026-02-22 09:56:22 - INFO - === Smart Sprayer GUI Started ===
2026-02-22 09:56:31 - INFO - Scheduler initialized
2026-02-22 09:56:31 - INFO - Scheduler started
2026-02-22 09:56:31 - INFO - Syncing ESP32 on startup...
2026-02-22 09:56:31 - INFO - Syncing time to ESP32 RTC...
2026-02-22 09:56:31 - INFO - Syncing recipients to ESP32...
2026-02-22 09:56:32 - INFO - No recipients to sync
2026-02-22 09:56:32 - INFO - ESP32 startup sync complete!
2026-02-22 09:56:37 - DEBUG - Switched to panel: dashboard
2026-02-22 09:56:37 - INFO - GUI initialization complete
2026-02-22 10:04:41 - DEBUG - Switched to panel: scheduling
2026-02-22 10:05:55 - DEBUG - Switched to panel: dashboard
2026-02-22 10:05:57 - DEBUG - Switched to panel: previous_data
2026-02-22 10:06:00 - DEBUG - Switched to panel: notifications
2026-02-22 10:06:01 - DEBUG - Switched to panel: spraying_events_logs
2026-02-22 10:06:03 - DEBUG - Switched to panel: settings
2026-02-22 10:06:06 - DEBUG - Switched to panel: dashboard
2026-02-22 10:07:16 - DEBUG - Switched to panel: scheduling
2026-02-22 10:07:20 - DEBUG - Switched to panel: previous_data
2026-02-22 10:07:25 - DEBUG - Switched to panel: dashboard
2026-02-22 10:07:39 - DEBUG - Switched to panel: settings
2026-02-22 10:07:41 - DEBUG - Switched to panel: spraying_events_logs
2026-02-22 10:07:43 - DEBUG - Switched to panel: notifications
2026-02-22 10:07:52 - DEBUG - Switched to panel: scheduling
2026-02-22 10:07:58 - DEBUG - Switched to panel: dashboard
2026-02-22 10:09:27 - DEBUG - Switched to panel: scheduling
2026-02-22 10:09:37 - INFO - SCHEDULE CREATED - Date: 2026-02-22, Time: 10:10, Type: Fertilizer, Container: Container 1
2026-02-22 10:10:02 - DEBUG - Switched to panel: dashboard
2026-02-22 10:10:05 - DEBUG - Switched to panel: scheduling
2026-02-22 10:10:05 - INFO - Checking weather before spray...
2026-02-22 10:10:10 - DEBUG - Switched to panel: dashboard
2026-02-22 10:10:13 - WARNING - Weather unsuitable (forecast)! Rescheduling schedule SCH_032
2026-02-22 10:10:13 - INFO - Weather reschedule attempt #1 for schedule SCH_032
2026-02-22 10:10:13 - INFO - Schedule SCH_032 rescheduled to 2026-02-23 10:10 due to weather (attempt 1/3)
2026-02-22 10:26:07 - INFO - Smart Sprayer Logger initialized
2026-02-22 10:26:07 - INFO - === Smart Sprayer GUI Started ===
2026-02-22 10:26:11 - INFO - Scheduler initialized
2026-02-22 10:26:11 - INFO - Scheduler started
2026-02-22 10:26:11 - INFO - Syncing ESP32 on startup...
2026-02-22 10:26:11 - INFO - Syncing time to ESP32 RTC...
2026-02-22 10:26:11 - INFO - Syncing recipients to ESP32...
2026-02-22 10:26:12 - INFO - No recipients to sync
2026-02-22 10:26:12 - INFO - ESP32 startup sync complete!
2026-02-22 10:26:17 - DEBUG - Switched to panel: dashboard
2026-02-22 10:26:17 - INFO - GUI initialization complete
2026-02-22 10:26:26 - DEBUG - Switched to panel: scheduling
2026-02-22 10:26:26 - DEBUG - Switched to panel: scheduling
2026-02-22 10:26:31 - DEBUG - Switched to panel: dashboard
2026-02-22 10:26:42 - DEBUG - Switched to panel: scheduling
2026-02-22 10:26:42 - DEBUG - Switched to panel: scheduling
2026-02-22 10:26:42 - DEBUG - Switched to panel: scheduling
2026-02-22 10:27:11 - INFO - SCHEDULE CREATED - Date: 2026-02-22, Time: 10:30, Type: Fertilizer, Container: Container 1
2026-02-22 10:27:20 - DEBUG - Switched to panel: dashboard
2026-02-22 10:30:01 - INFO - Checking weather before spray...
2026-02-22 10:30:03 - WARNING - Weather unsuitable (forecast)! Rescheduling schedule SCH_033
2026-02-22 10:30:03 - INFO - Weather reschedule attempt #1 for schedule SCH_033
2026-02-22 10:30:03 - INFO - Schedule SCH_033 rescheduled to 2026-02-23 10:30 due to weather (attempt 1/3)
2026-02-22 10:30:15 - DEBUG - Switched to panel: scheduling
2026-02-22 10:30:19 - DEBUG - Switched to panel: dashboard
2026-02-22 10:30:19 - DEBUG - Switched to panel: dashboard
2026-02-22 10:30:19 - DEBUG - Switched to panel: dashboard
2026-02-22 10:30:19 - DEBUG - Switched to panel: dashboard
2026-02-22 10:30:20 - DEBUG - Switched to panel: dashboard
2026-02-22 10:30:20 - DEBUG - Switched to panel: dashboard
2026-02-22 10:30:32 - DEBUG - Switched to panel: scheduling
2026-02-22 10:30:43 - WARNING - SCHEDULE CANCELLED - ID: SCH_013, Reason: User cancelled all
2026-02-22 10:30:43 - WARNING - SCHEDULE CANCELLED - ID: SCH_015, Reason: User cancelled all
2026-02-22 10:30:43 - WARNING - SCHEDULE CANCELLED - ID: SCH_016, Reason: User cancelled all
2026-02-22 10:30:43 - WARNING - SCHEDULE CANCELLED - ID: SCH_017, Reason: User cancelled all
2026-02-22 10:30:43 - WARNING - SCHEDULE CANCELLED - ID: SCH_018, Reason: User cancelled all
2026-02-22 10:30:43 - WARNING - SCHEDULE CANCELLED - ID: SCH_019, Reason: User cancelled all
2026-02-22 10:30:43 - WARNING - SCHEDULE CANCELLED - ID: SCH_020, Reason: User cancelled all
2026-02-22 10:30:43 - WARNING - SCHEDULE CANCELLED - ID: SCH_022, Reason: User cancelled all
2026-02-22 10:30:43 - WARNING - SCHEDULE CANCELLED - ID: SCH_023, Reason: User cancelled all
2026-02-22 10:30:43 - WARNING - SCHEDULE CANCELLED - ID: SCH_024, Reason: User cancelled all
2026-02-22 10:30:43 - WARNING - SCHEDULE CANCELLED - ID: SCH_025, Reason: User cancelled all
2026-02-22 10:30:43 - WARNING - SCHEDULE CANCELLED - ID: SCH_026, Reason: User cancelled all
2026-02-22 10:30:43 - WARNING - SCHEDULE CANCELLED - ID: SCH_027, Reason: User cancelled all
2026-02-22 10:30:43 - WARNING - SCHEDULE CANCELLED - ID: SCH_028, Reason: User cancelled all
2026-02-22 10:30:43 - WARNING - SCHEDULE CANCELLED - ID: SCH_029, Reason: User cancelled all
2026-02-22 10:30:43 - WARNING - SCHEDULE CANCELLED - ID: SCH_030, Reason: User cancelled all
2026-02-22 10:30:43 - WARNING - SCHEDULE CANCELLED - ID: SCH_031, Reason: User cancelled all
2026-02-22 10:30:43 - WARNING - SCHEDULE CANCELLED - ID: SCH_032, Reason: User cancelled all
2026-02-22 10:30:43 - WARNING - SCHEDULE CANCELLED - ID: SCH_033, Reason: User cancelled all
2026-02-22 10:30:43 - INFO - Cancelled all 19 active schedules
2026-02-22 10:31:17 - INFO - SCHEDULE CREATED - Date: 2026-02-22, Time: 10:35, Type: Fertilizer, Container: Container 1
2026-02-22 10:31:38 - DEBUG - Switched to panel: dashboard
2026-02-22 10:34:18 - DEBUG - Switched to panel: settings
2026-02-22 10:34:22 - DEBUG - Switched to panel: spraying_events_logs
2026-02-22 10:34:22 - DEBUG - Switched to panel: spraying_events_logs
2026-02-22 10:34:25 - DEBUG - Switched to panel: notifications
2026-02-22 10:34:28 - DEBUG - Switched to panel: previous_data
2026-02-22 10:34:28 - DEBUG - Switched to panel: previous_data
2026-02-22 10:34:30 - DEBUG - Switched to panel: scheduling
2026-02-22 10:34:35 - DEBUG - Switched to panel: dashboard
2026-02-22 10:35:03 - INFO - Checking weather before spray...
2026-02-22 10:35:04 - WARNING - Weather unsuitable (forecast)! Rescheduling schedule SCH_034
2026-02-22 10:35:04 - INFO - Weather reschedule attempt #1 for schedule SCH_034
2026-02-22 10:35:04 - INFO - Schedule SCH_034 rescheduled to 2026-02-23 10:35 due to weather (attempt 1/3)
2026-02-22 10:36:16 - INFO - Smart Sprayer Logger initialized
2026-02-22 10:36:16 - INFO - === Smart Sprayer GUI Started ===
2026-02-22 10:36:19 - INFO - Scheduler initialized
2026-02-22 10:36:19 - INFO - Scheduler started
2026-02-22 10:36:19 - INFO - Syncing ESP32 on startup...
2026-02-22 10:36:19 - INFO - Syncing time to ESP32 RTC...
2026-02-22 10:36:19 - INFO - Syncing recipients to ESP32...
2026-02-22 10:36:20 - INFO - No recipients to sync
2026-02-22 10:36:21 - INFO - ESP32 startup sync complete!
2026-02-22 10:36:25 - DEBUG - Switched to panel: dashboard
2026-02-22 10:36:25 - INFO - GUI initialization complete
2026-02-22 10:36:32 - DEBUG - Switched to panel: scheduling
2026-02-22 10:36:56 - INFO - SCHEDULE CREATED - Date: 2026-02-22, Time: 10:40, Type: Pesticide, Container: Container 2
2026-02-22 10:37:19 - DEBUG - Switched to panel: dashboard
2026-02-22 10:40:09 - INFO - Checking weather before spray...
2026-02-22 10:40:10 - WARNING - Weather unsuitable (forecast)! Rescheduling schedule SCH_035
2026-02-22 10:40:10 - INFO - Weather reschedule attempt #1 for schedule SCH_035
2026-02-22 10:40:10 - INFO - Schedule SCH_035 rescheduled to 2026-02-23 10:40 due to weather (attempt 1/3)
2026-02-22 10:40:33 - DEBUG - Switched to panel: scheduling
2026-02-22 10:41:52 - INFO - SCHEDULE CREATED - Date: 2026-02-22, Time: 10:45, Type: Fertilizer, Container: Container 1
2026-02-22 10:43:21 - INFO - SCHEDULE CREATED - Date: 2026-02-22, Time: 10:45, Type: Pesticide, Container: Container 2
2026-02-22 10:43:43 - WARNING - SCHEDULE CANCELLED - ID: SCH_036, Reason: User cancelled
2026-02-22 10:44:28 - INFO - SCHEDULE CREATED - Date: 2026-02-22, Time: 10:50, Type: Fertilizer, Container: Container 1
2026-02-22 10:45:01 - INFO - Checking weather before spray...
2026-02-22 10:45:03 - WARNING - Weather unsuitable (forecast)! Rescheduling schedule SCH_037
2026-02-22 10:45:03 - INFO - Weather reschedule attempt #1 for schedule SCH_037
2026-02-22 10:45:03 - INFO - Schedule SCH_037 rescheduled to 2026-02-23 10:45 due to weather (attempt 1/3)
2026-02-22 10:45:13 - INFO - SCHEDULE CREATED - Date: 2026-02-22, Time: 10:55, Type: Pesticide, Container: Container 2
2026-02-22 10:47:20 - INFO - SCHEDULE CREATED - Date: 2026-02-22, Time: 11:00, Type: Fertilizer, Container: Container 1
2026-02-22 10:48:30 - INFO - SCHEDULE CREATED - Date: 2026-02-22, Time: 11:10, Type: Fertilizer, Container: Container 1
2026-02-22 10:49:20 - INFO - SCHEDULE CREATED - Date: 2026-02-22, Time: 11:25, Type: Fertilizer, Container: Container 1
2026-02-22 10:50:03 - INFO - Checking weather before spray...
2026-02-22 10:50:18 - WARNING - Weather check timeout - proceeding with spray
2026-02-22 10:50:18 - INFO - SPRAY EXECUTED - Date: 2026-02-22, Time: 10:50, Type: Fertilizer, Container: Container 1
2026-02-22 10:50:18 - INFO - Executing spray: Fertilizer using Container 1, 9000.0mL for 108.0 seconds
2026-02-22 10:50:19 - INFO - SPRAY COMPLETED - ID: SCH_038, Duration: 108.0s
2026-02-22 10:50:34 - INFO - SCHEDULE CREATED - Date: 2026-02-22, Time: 11:50, Type: Fertilizer, Container: Container 1
2026-02-22 10:50:44 - DEBUG - Switched to panel: dashboard
2026-02-22 10:51:28 - DEBUG - Switched to panel: scheduling
2026-02-22 10:52:05 - DEBUG - Switched to panel: dashboard
2026-02-22 10:54:24 - DEBUG - Switched to panel: scheduling
2026-02-22 10:54:25 - DEBUG - Switched to panel: dashboard
2026-02-22 10:54:27 - DEBUG - Switched to panel: scheduling
2026-02-22 10:54:29 - DEBUG - Switched to panel: dashboard
2026-02-22 10:54:31 - DEBUG - Switched to panel: dashboard
2026-02-22 10:54:31 - DEBUG - Switched to panel: dashboard
2026-02-22 10:54:31 - DEBUG - Switched to panel: dashboard
2026-02-22 10:54:31 - DEBUG - Switched to panel: dashboard
2026-02-22 10:54:31 - DEBUG - Switched to panel: dashboard
2026-02-22 10:54:32 - DEBUG - Switched to panel: dashboard
2026-02-22 10:54:33 - DEBUG - Switched to panel: dashboard
2026-02-22 10:54:33 - DEBUG - Switched to panel: dashboard
2026-02-22 10:54:34 - DEBUG - Switched to panel: dashboard
2026-02-22 10:54:34 - DEBUG - Switched to panel: dashboard
2026-02-22 10:54:34 - DEBUG - Switched to panel: dashboard
2026-02-22 10:54:34 - DEBUG - Switched to panel: dashboard
2026-02-22 10:54:34 - DEBUG - Switched to panel: dashboard
2026-02-22 10:54:35 - DEBUG - Switched to panel: dashboard
2026-02-22 10:54:35 - DEBUG - Switched to panel: dashboard
2026-02-22 10:54:35 - DEBUG - Switched to panel: dashboard
2026-02-22 10:54:35 - DEBUG - Switched to panel: dashboard
2026-02-22 10:54:36 - DEBUG - Switched to panel: dashboard
2026-02-22 10:54:36 - DEBUG - Switched to panel: dashboard
2026-02-22 10:54:36 - DEBUG - Switched to panel: dashboard
2026-02-22 10:54:36 - DEBUG - Switched to panel: dashboard
2026-02-22 10:54:36 - DEBUG - Switched to panel: dashboard
2026-02-22 10:54:36 - DEBUG - Switched to panel: dashboard
2026-02-22 10:54:37 - DEBUG - Switched to panel: dashboard
2026-02-22 10:54:37 - DEBUG - Switched to panel: dashboard
2026-02-22 10:54:37 - DEBUG - Switched to panel: dashboard
2026-02-22 10:54:37 - DEBUG - Switched to panel: dashboard
2026-02-22 10:54:37 - DEBUG - Switched to panel: dashboard
2026-02-22 10:54:38 - DEBUG - Switched to panel: dashboard
2026-02-22 10:54:38 - DEBUG - Switched to panel: dashboard
2026-02-22 10:54:38 - DEBUG - Switched to panel: dashboard
2026-02-22 10:54:38 - DEBUG - Switched to panel: dashboard
2026-02-22 10:54:38 - DEBUG - Switched to panel: dashboard
2026-02-22 10:54:39 - DEBUG - Switched to panel: dashboard
2026-02-22 10:54:39 - DEBUG - Switched to panel: dashboard
2026-02-22 10:54:39 - DEBUG - Switched to panel: dashboard
2026-02-22 10:54:39 - DEBUG - Switched to panel: dashboard
2026-02-22 10:54:39 - DEBUG - Switched to panel: dashboard
2026-02-22 10:54:39 - DEBUG - Switched to panel: dashboard
2026-02-22 10:54:40 - DEBUG - Switched to panel: dashboard
2026-02-22 10:54:40 - DEBUG - Switched to panel: dashboard
2026-02-22 10:54:40 - DEBUG - Switched to panel: dashboard
2026-02-22 10:54:40 - DEBUG - Switched to panel: dashboard
2026-02-22 10:54:40 - DEBUG - Switched to panel: dashboard
2026-02-22 10:54:41 - DEBUG - Switched to panel: dashboard
2026-02-22 10:54:41 - DEBUG - Switched to panel: dashboard
2026-02-22 10:54:41 - DEBUG - Switched to panel: dashboard
2026-02-22 10:54:41 - DEBUG - Switched to panel: dashboard
2026-02-22 10:54:41 - DEBUG - Switched to panel: dashboard
2026-02-22 10:54:42 - DEBUG - Switched to panel: dashboard
2026-02-22 10:55:09 - INFO - Checking weather before spray...
2026-02-22 10:55:24 - WARNING - Weather check timeout - proceeding with spray
2026-02-22 10:55:24 - INFO - SPRAY EXECUTED - Date: 2026-02-22, Time: 10:55, Type: Pesticide, Container: Container 2
2026-02-22 10:55:24 - INFO - Executing spray: Pesticide using Container 2, 5000.0mL for 60.0 seconds
2026-02-22 10:55:24 - INFO - SPRAY COMPLETED - ID: SCH_039, Duration: 60.0s
2026-02-22 10:55:40 - DEBUG - Switched to panel: scheduling
2026-02-22 10:55:52 - DEBUG - Switched to panel: dashboard
2026-02-22 10:56:20 - DEBUG - Switched to panel: scheduling
2026-02-22 10:56:31 - DEBUG - Switched to panel: previous_data
2026-02-22 10:56:33 - DEBUG - Switched to panel: scheduling
2026-02-22 10:56:37 - DEBUG - Switched to panel: previous_data
2026-02-22 10:56:41 - DEBUG - Switched to panel: dashboard
2026-02-22 10:56:43 - DEBUG - Switched to panel: notifications
2026-02-22 10:56:51 - DEBUG - Switched to panel: previous_data
2026-02-22 10:56:51 - DEBUG - Switched to panel: previous_data
2026-02-22 10:57:16 - DEBUG - Switched to panel: scheduling
2026-02-22 10:57:51 - DEBUG - Switched to panel: dashboard
2026-02-22 11:00:04 - INFO - Checking weather before spray...
2026-02-22 11:00:10 - WARNING - Weather unsuitable (forecast)! Rescheduling schedule SCH_040
2026-02-22 11:00:10 - INFO - Weather reschedule attempt #1 for schedule SCH_040
2026-02-22 11:00:10 - INFO - Schedule SCH_040 rescheduled to 2026-02-23 11:00 due to weather (attempt 1/3)
2026-02-22 11:00:26 - DEBUG - Switched to panel: scheduling
2026-02-22 11:00:28 - DEBUG - Switched to panel: dashboard
2026-02-22 11:00:29 - DEBUG - Switched to panel: dashboard
2026-02-22 11:00:29 - DEBUG - Switched to panel: dashboard
2026-02-22 11:00:29 - DEBUG - Switched to panel: dashboard
2026-02-22 11:00:30 - DEBUG - Switched to panel: dashboard
2026-02-22 11:00:30 - DEBUG - Switched to panel: dashboard
2026-02-22 11:00:40 - DEBUG - Switched to panel: previous_data
2026-02-22 11:00:42 - DEBUG - Switched to panel: dashboard
2026-02-22 11:00:43 - DEBUG - Switched to panel: scheduling
2026-02-22 11:02:13 - INFO - Smart Sprayer Logger initialized
2026-02-22 11:02:13 - INFO - === Smart Sprayer GUI Started ===
2026-02-22 11:02:14 - INFO - Scheduler initialized
2026-02-22 11:02:14 - INFO - Scheduler started
2026-02-22 11:02:14 - WARNING - ESP32 not connected - skipping startup sync
2026-02-22 11:02:16 - DEBUG - Switched to panel: dashboard
2026-02-22 11:02:16 - INFO - GUI initialization complete
2026-02-22 11:02:38 - DEBUG - Switched to panel: dashboard
2026-02-22 11:02:38 - DEBUG - Switched to panel: dashboard
2026-02-22 11:02:38 - DEBUG - Switched to panel: dashboard
2026-02-22 11:02:38 - DEBUG - Switched to panel: dashboard
2026-02-22 11:02:38 - DEBUG - Switched to panel: dashboard
2026-02-22 11:02:38 - DEBUG - Switched to panel: dashboard
2026-02-22 11:02:38 - DEBUG - Switched to panel: dashboard
2026-02-22 11:02:38 - DEBUG - Switched to panel: dashboard
2026-02-22 11:02:38 - DEBUG - Switched to panel: dashboard
2026-02-22 11:03:19 - DEBUG - Switched to panel: scheduling
2026-02-22 11:03:19 - DEBUG - Switched to panel: scheduling
2026-02-22 11:03:19 - DEBUG - Switched to panel: scheduling
2026-02-22 11:03:19 - DEBUG - Switched to panel: scheduling
2026-02-22 11:10:00 - INFO - Checking weather before spray...
2026-02-22 11:10:08 - INFO - Weather check passed - safe to spray
2026-02-22 11:10:08 - INFO - SPRAY EXECUTED - Date: 2026-02-22, Time: 11:10, Type: Fertilizer, Container: Container 1
2026-02-22 11:10:08 - INFO - Executing spray: Fertilizer using Container 1, 5000.0mL for 60.0 seconds
2026-02-22 11:10:08 - INFO - SPRAY COMPLETED - ID: SCH_041, Duration: 60.0s
2026-02-22 11:12:04 - DEBUG - Switched to panel: dashboard
2026-02-22 11:12:10 - DEBUG - Switched to panel: previous_data
2026-02-22 11:12:11 - DEBUG - Switched to panel: dashboard
2026-02-22 11:12:26 - DEBUG - Switched to panel: scheduling
2026-02-22 11:12:27 - DEBUG - Switched to panel: previous_data
2026-02-22 11:12:29 - DEBUG - Switched to panel: scheduling
2026-02-22 11:12:33 - DEBUG - Switched to panel: dashboard
2026-02-22 11:13:00 - DEBUG - Switched to panel: scheduling
2026-02-22 11:13:09 - DEBUG - Switched to panel: dashboard
2026-02-22 11:13:17 - DEBUG - Switched to panel: scheduling
2026-02-22 11:13:21 - DEBUG - Switched to panel: dashboard
2026-02-22 11:13:33 - DEBUG - Switched to panel: scheduling
2026-02-22 11:13:48 - DEBUG - Switched to panel: dashboard
2026-02-22 11:14:18 - DEBUG - Switched to panel: scheduling
2026-02-22 11:14:20 - DEBUG - Switched to panel: dashboard
2026-02-22 11:17:27 - DEBUG - Switched to panel: scheduling
2026-02-22 11:17:31 - DEBUG - Switched to panel: previous_data
2026-02-22 11:19:53 - DEBUG - Switched to panel: dashboard
2026-02-22 11:20:33 - DEBUG - Switched to panel: settings
2026-02-22 11:20:35 - DEBUG - Switched to panel: spraying_events_logs
2026-02-22 11:20:37 - DEBUG - Switched to panel: notifications
2026-02-22 11:20:38 - DEBUG - Switched to panel: previous_data
2026-02-22 11:20:38 - DEBUG - Switched to panel: previous_data
2026-02-22 11:20:39 - DEBUG - Switched to panel: scheduling
2026-02-22 11:20:40 - DEBUG - Switched to panel: dashboard
2026-02-22 11:20:46 - DEBUG - Switched to panel: scheduling
2026-02-22 11:20:48 - DEBUG - Switched to panel: dashboard
2026-02-22 11:21:55 - DEBUG - Switched to panel: scheduling
2026-02-22 11:22:12 - DEBUG - Switched to panel: spraying_events_logs
2026-02-22 11:22:13 - DEBUG - Switched to panel: settings
2026-02-22 11:22:15 - DEBUG - Switched to panel: previous_data
2026-02-22 11:22:30 - DEBUG - Switched to panel: dashboard
2026-02-22 11:23:07 - DEBUG - Switched to panel: scheduling
2026-02-22 11:23:08 - DEBUG - Switched to panel: dashboard
2026-02-22 11:25:08 - INFO - Checking weather before spray...
2026-02-22 11:25:09 - INFO - Weather check passed - safe to spray
2026-02-22 11:25:09 - INFO - SPRAY EXECUTED - Date: 2026-02-22, Time: 11:25, Type: Fertilizer, Container: Container 1
2026-02-22 11:25:09 - INFO - Executing spray: Fertilizer using Container 1, 9000.0mL for 108.0 seconds
2026-02-22 11:25:09 - INFO - SPRAY COMPLETED - ID: SCH_042, Duration: 108.0s
2026-02-22 11:25:52 - DEBUG - Switched to panel: dashboard
2026-02-22 11:25:53 - DEBUG - Switched to panel: dashboard
2026-02-22 11:25:54 - DEBUG - Switched to panel: dashboard
2026-02-22 11:26:01 - DEBUG - Switched to panel: dashboard
2026-02-22 11:26:02 - DEBUG - Switched to panel: dashboard
2026-02-22 11:26:03 - DEBUG - Switched to panel: dashboard
2026-02-22 11:26:04 - DEBUG - Switched to panel: dashboard
2026-02-22 11:26:04 - DEBUG - Switched to panel: dashboard
2026-02-22 11:26:04 - DEBUG - Switched to panel: dashboard
2026-02-22 11:26:05 - DEBUG - Switched to panel: dashboard
2026-02-22 11:26:05 - DEBUG - Switched to panel: dashboard
2026-02-22 11:26:05 - DEBUG - Switched to panel: dashboard
2026-02-22 11:26:05 - DEBUG - Switched to panel: dashboard
2026-02-22 11:26:05 - DEBUG - Switched to panel: dashboard
2026-02-22 11:26:07 - DEBUG - Switched to panel: scheduling
2026-02-22 11:26:08 - DEBUG - Switched to panel: dashboard
2026-02-22 11:26:10 - DEBUG - Switched to panel: scheduling
2026-02-22 11:37:20 - INFO - Smart Sprayer Logger initialized
2026-02-22 11:37:20 - INFO - === Smart Sprayer GUI Started ===
2026-02-22 11:37:23 - INFO - Scheduler initialized
2026-02-22 11:37:23 - INFO - Scheduler started
2026-02-22 11:37:23 - INFO - Syncing ESP32 on startup...
2026-02-22 11:37:23 - INFO - Syncing time to ESP32 RTC...
2026-02-22 11:37:24 - INFO - Syncing recipients to ESP32...
2026-02-22 11:37:24 - INFO - No recipients to sync
2026-02-22 11:37:24 - INFO - ESP32 startup sync complete!
2026-02-22 11:37:29 - DEBUG - Switched to panel: dashboard
2026-02-22 11:37:29 - INFO - GUI initialization complete
2026-02-22 11:38:08 - DEBUG - Switched to panel: dashboard
2026-02-22 11:38:08 - DEBUG - Switched to panel: dashboard
2026-02-22 11:38:08 - DEBUG - Switched to panel: dashboard
2026-02-22 11:38:29 - DEBUG - Switched to panel: scheduling
2026-02-22 11:39:01 - DEBUG - Switched to panel: scheduling
2026-02-22 11:39:16 - DEBUG - Switched to panel: scheduling
2026-02-22 11:39:16 - DEBUG - Switched to panel: scheduling
2026-02-22 11:39:16 - DEBUG - Switched to panel: scheduling
2026-02-22 11:39:16 - DEBUG - Switched to panel: scheduling
2026-02-22 11:39:16 - DEBUG - Switched to panel: scheduling
2026-02-22 11:39:44 - INFO - Smart Sprayer Logger initialized
2026-02-22 11:39:44 - INFO - === Smart Sprayer GUI Started ===
2026-02-22 11:39:47 - INFO - Scheduler initialized
2026-02-22 11:39:47 - INFO - Scheduler started
2026-02-22 11:39:47 - INFO - Syncing ESP32 on startup...
2026-02-22 11:39:47 - INFO - Syncing time to ESP32 RTC...
2026-02-22 11:39:48 - INFO - Syncing recipients to ESP32...
2026-02-22 11:39:48 - INFO - No recipients to sync
2026-02-22 11:39:48 - INFO - ESP32 startup sync complete!
2026-02-22 11:39:53 - DEBUG - Switched to panel: dashboard
2026-02-22 11:39:53 - INFO - GUI initialization complete
2026-02-22 11:40:51 - DEBUG - Switched to panel: scheduling
2026-02-22 11:40:51 - DEBUG - Switched to panel: scheduling
2026-02-22 11:40:51 - DEBUG - Switched to panel: scheduling
2026-02-22 11:40:51 - DEBUG - Switched to panel: scheduling
2026-02-22 11:40:51 - DEBUG - Switched to panel: scheduling
2026-02-22 11:40:51 - DEBUG - Switched to panel: scheduling
2026-02-22 11:41:02 - DEBUG - Switched to panel: dashboard
2026-02-22 11:41:12 - DEBUG - Switched to panel: scheduling
2026-02-22 11:41:22 - DEBUG - Switched to panel: dashboard
2026-02-22 11:50:07 - INFO - Checking weather before spray...
2026-02-22 11:50:08 - WARNING - Weather unsuitable (forecast)! Rescheduling schedule SCH_043
2026-02-22 11:50:08 - INFO - Weather reschedule attempt #1 for schedule SCH_043
2026-02-22 11:50:08 - INFO - Schedule SCH_043 rescheduled to 2026-02-23 11:50 due to weather (attempt 1/3)
2026-02-22 11:51:24 - INFO - Smart Sprayer Logger initialized
2026-02-22 11:51:24 - INFO - === Smart Sprayer GUI Started ===
2026-02-22 11:51:27 - INFO - Scheduler initialized
2026-02-22 11:51:27 - INFO - Scheduler started
2026-02-22 11:51:27 - INFO - Syncing ESP32 on startup...
2026-02-22 11:51:27 - INFO - Syncing time to ESP32 RTC...
2026-02-22 11:51:27 - INFO - Syncing recipients to ESP32...
2026-02-22 11:51:28 - INFO - No recipients to sync
2026-02-22 11:51:29 - INFO - ESP32 startup sync complete!
2026-02-22 11:51:34 - DEBUG - Switched to panel: dashboard
2026-02-22 11:51:34 - INFO - GUI initialization complete
2026-02-22 11:51:53 - DEBUG - Switched to panel: scheduling
2026-02-22 11:51:55 - DEBUG - Switched to panel: scheduling
2026-02-22 11:51:57 - DEBUG - Switched to panel: dashboard
2026-02-22 11:52:05 - DEBUG - Switched to panel: scheduling
2026-02-22 11:52:05 - DEBUG - Switched to panel: scheduling
2026-02-22 11:52:05 - DEBUG - Switched to panel: scheduling
2026-02-22 11:52:06 - DEBUG - Switched to panel: scheduling
2026-02-22 11:52:06 - DEBUG - Switched to panel: scheduling
2026-02-22 11:52:34 - INFO - SCHEDULE CREATED - Date: 2026-02-22, Time: 11:55, Type: Fertilizer, Container: Container 1
2026-02-22 11:52:40 - DEBUG - Switched to panel: dashboard
2026-02-22 11:52:40 - DEBUG - Switched to panel: dashboard
2026-02-22 11:52:41 - DEBUG - Switched to panel: dashboard
2026-02-22 11:52:41 - DEBUG - Switched to panel: dashboard
2026-02-22 11:52:41 - DEBUG - Switched to panel: dashboard
2026-02-22 11:52:52 - DEBUG - Switched to panel: dashboard
2026-02-22 11:55:07 - INFO - Checking weather before spray...
2026-02-22 11:55:22 - WARNING - Weather check timeout - proceeding with spray
2026-02-22 11:55:22 - INFO - SPRAY EXECUTED - Date: 2026-02-22, Time: 11:55, Type: Fertilizer, Container: Container 1
2026-02-22 11:55:22 - INFO - Executing spray: Fertilizer using Container 1, 9000.0mL for 108.0 seconds
2026-02-22 11:55:23 - INFO - SPRAY COMPLETED - ID: SCH_044, Duration: 108.0s
2026-02-22 11:56:20 - DEBUG - Switched to panel: scheduling
2026-02-22 11:56:20 - DEBUG - Switched to panel: scheduling
2026-02-22 11:58:28 - INFO - Smart Sprayer Logger initialized
2026-02-22 11:58:28 - INFO - === Smart Sprayer GUI Started ===
2026-02-22 11:58:30 - INFO - Scheduler initialized
2026-02-22 11:58:30 - INFO - Scheduler started
2026-02-22 11:58:30 - INFO - Syncing ESP32 on startup...
2026-02-22 11:58:30 - INFO - Syncing time to ESP32 RTC...
2026-02-22 11:58:31 - INFO - Syncing recipients to ESP32...
2026-02-22 11:58:31 - INFO - No recipients to sync
2026-02-22 11:58:31 - INFO - ESP32 startup sync complete!
2026-02-22 11:58:36 - DEBUG - Switched to panel: dashboard
2026-02-22 11:58:36 - INFO - GUI initialization complete
2026-02-22 11:59:45 - INFO - === Shutting down Smart Sprayer ===
2026-02-22 11:59:47 - INFO - Scheduler stopped
2026-02-22 15:10:34 - INFO - Smart Sprayer Logger initialized
2026-02-22 15:10:34 - INFO - === Smart Sprayer GUI Started ===
2026-02-22 15:10:37 - INFO - Scheduler initialized
2026-02-22 15:10:37 - INFO - Scheduler started
2026-02-22 15:10:37 - INFO - Syncing ESP32 on startup...
2026-02-22 15:10:37 - INFO - Syncing time to ESP32 RTC...
2026-02-22 15:10:37 - INFO - Syncing recipients to ESP32...
2026-02-22 15:10:38 - INFO - No recipients to sync
2026-02-22 15:10:38 - INFO - ESP32 startup sync complete!
2026-02-22 15:10:42 - DEBUG - Switched to panel: dashboard
2026-02-22 15:10:42 - INFO - GUI initialization complete
2026-02-22 15:15:55 - DEBUG - Switched to panel: scheduling
2026-02-22 15:16:19 - INFO - SCHEDULE CREATED - Date: 2026-02-22, Time: 15:20, Type: Fertilizer, Container: Container 1
2026-02-22 15:16:40 - DEBUG - Switched to panel: dashboard
2026-02-22 15:20:07 - INFO - Checking weather before spray...
2026-02-22 15:20:08 - WARNING - Weather unsuitable (forecast)! Rescheduling schedule SCH_045
2026-02-22 15:20:08 - INFO - Weather reschedule attempt #1 for schedule SCH_045
2026-02-22 15:20:08 - INFO - Schedule SCH_045 rescheduled to 2026-02-23 15:20 due to weather (attempt 1/3)
2026-02-22 15:22:05 - DEBUG - Switched to panel: previous_data
2026-02-22 15:22:05 - DEBUG - Switched to panel: scheduling
2026-02-22 15:23:42 - INFO - SCHEDULE CREATED - Date: 2026-02-22, Time: 15:25, Type: Fertilizer, Container: Container 1
2026-02-22 15:23:50 - DEBUG - Switched to panel: dashboard
2026-02-22 15:25:08 - INFO - Checking weather before spray...
2026-02-22 15:25:10 - WARNING - Weather unsuitable (forecast)! Rescheduling schedule SCH_046
2026-02-22 15:25:10 - INFO - Weather reschedule attempt #1 for schedule SCH_046
2026-02-22 15:25:10 - INFO - Schedule SCH_046 rescheduled to 2026-02-23 15:25 due to weather (attempt 1/3)
2026-02-22 15:28:56 - INFO - Smart Sprayer Logger initialized
2026-02-22 15:28:56 - INFO - === Smart Sprayer GUI Started ===
2026-02-22 15:28:59 - INFO - Scheduler initialized
2026-02-22 15:28:59 - INFO - Scheduler started
2026-02-22 15:28:59 - INFO - Syncing ESP32 on startup...
2026-02-22 15:28:59 - INFO - Syncing time to ESP32 RTC...
2026-02-22 15:28:59 - INFO - Syncing recipients to ESP32...
2026-02-22 15:29:00 - INFO - No recipients to sync
2026-02-22 15:29:01 - INFO - ESP32 startup sync complete!
2026-02-22 15:29:06 - DEBUG - Switched to panel: dashboard
2026-02-22 15:29:06 - INFO - GUI initialization complete
2026-02-22 15:29:06 - DEBUG - Switched to panel: scheduling
2026-02-22 15:29:23 - INFO - SCHEDULE CREATED - Date: 2026-02-22, Time: 15:30, Type: Fertilizer, Container: Container 1
2026-02-22 15:29:30 - DEBUG - Switched to panel: dashboard
2026-02-22 15:30:09 - INFO - Checking weather before spray...
2026-02-22 15:30:13 - WARNING - Weather unsuitable (forecast)! Rescheduling schedule SCH_047
2026-02-22 15:30:13 - INFO - Weather reschedule attempt #1 for schedule SCH_047
2026-02-22 15:30:13 - INFO - Schedule SCH_047 rescheduled to 2026-02-23 15:30 due to weather (attempt 1/3)
2026-02-22 15:32:23 - INFO - Smart Sprayer Logger initialized
2026-02-22 15:32:23 - INFO - === Smart Sprayer GUI Started ===
2026-02-22 15:32:25 - INFO - Scheduler initialized
2026-02-22 15:32:25 - INFO - Scheduler started
2026-02-22 15:32:25 - INFO - Syncing ESP32 on startup...
2026-02-22 15:32:25 - INFO - Syncing time to ESP32 RTC...
2026-02-22 15:32:26 - INFO - Syncing recipients to ESP32...
2026-02-22 15:32:27 - INFO - No recipients to sync
2026-02-22 15:32:28 - INFO - ESP32 startup sync complete!
2026-02-22 15:32:33 - DEBUG - Switched to panel: dashboard
2026-02-22 15:32:33 - INFO - GUI initialization complete
2026-02-22 15:32:33 - DEBUG - Switched to panel: scheduling
2026-02-22 15:32:51 - INFO - SCHEDULE CREATED - Date: 2026-02-22, Time: 15:35, Type: Fertilizer, Container: Container 1
2026-02-22 15:33:01 - DEBUG - Switched to panel: dashboard
2026-02-22 15:33:01 - DEBUG - Switched to panel: dashboard
2026-02-22 15:33:01 - DEBUG - Switched to panel: dashboard
2026-02-22 15:33:01 - DEBUG - Switched to panel: dashboard
2026-02-22 15:34:30 - DEBUG - Switched to panel: scheduling
2026-02-22 15:34:32 - DEBUG - Switched to panel: dashboard
2026-02-22 15:34:33 - DEBUG - Switched to panel: dashboard
2026-02-22 15:34:37 - DEBUG - Switched to panel: dashboard
2026-02-22 15:34:37 - DEBUG - Switched to panel: dashboard
2026-02-22 15:34:39 - DEBUG - Switched to panel: dashboard
2026-02-22 15:34:39 - DEBUG - Switched to panel: dashboard
2026-02-22 15:34:39 - DEBUG - Switched to panel: dashboard
2026-02-22 15:35:05 - INFO - Checking weather before spray...
2026-02-22 15:35:07 - WARNING - Weather unsuitable (forecast)! Rescheduling schedule SCH_048
2026-02-22 15:35:07 - INFO - Weather reschedule attempt #1 for schedule SCH_048
2026-02-22 15:35:07 - INFO - Schedule SCH_048 rescheduled to 2026-02-23 15:35 due to weather (attempt 1/3)
2026-02-22 15:36:21 - DEBUG - Switched to panel: scheduling
2026-02-22 15:37:39 - INFO - SCHEDULE CREATED - Date: 2026-02-22, Time: 15:40, Type: Pesticide, Container: Container 2
2026-02-22 15:38:07 - INFO - SCHEDULE CREATED - Date: 2026-02-22, Time: 15:50, Type: Fertilizer, Container: Container 1
2026-02-22 15:38:49 - INFO - SCHEDULE CREATED - Date: 2026-02-22, Time: 15:50, Type: Pesticide, Container: Container 2
2026-02-22 15:39:00 - DEBUG - Switched to panel: dashboard
2026-02-22 15:40:07 - INFO - Checking weather before spray...
2026-02-22 15:40:08 - WARNING - Weather unsuitable (forecast)! Rescheduling schedule SCH_049
2026-02-22 15:40:08 - INFO - Weather reschedule attempt #1 for schedule SCH_049
2026-02-22 15:40:08 - INFO - Schedule SCH_049 rescheduled to 2026-02-23 15:40 due to weather (attempt 1/3)
2026-02-22 15:40:27 - DEBUG - Switched to panel: dashboard
2026-02-22 15:40:57 - DEBUG - Switched to panel: scheduling
2026-02-22 15:41:49 - DEBUG - Switched to panel: dashboard
2026-02-22 15:41:59 - DEBUG - Switched to panel: scheduling
2026-02-22 15:42:05 - DEBUG - Switched to panel: previous_data
2026-02-22 15:42:09 - DEBUG - Switched to panel: notifications
2026-02-22 15:42:09 - DEBUG - Switched to panel: notifications
2026-02-22 15:42:10 - DEBUG - Switched to panel: notifications
2026-02-22 15:42:15 - DEBUG - Switched to panel: dashboard
2026-02-22 15:42:16 - DEBUG - Switched to panel: dashboard
2026-02-22 15:42:16 - DEBUG - Switched to panel: dashboard
2026-02-22 15:42:31 - DEBUG - Switched to panel: scheduling
2026-02-22 15:42:34 - DEBUG - Switched to panel: previous_data
2026-02-22 15:42:39 - DEBUG - Switched to panel: notifications
2026-02-22 15:42:45 - DEBUG - Switched to panel: previous_data
2026-02-22 15:42:45 - DEBUG - Switched to panel: previous_data
2026-02-22 15:42:46 - DEBUG - Switched to panel: previous_data
2026-02-22 15:42:47 - DEBUG - Switched to panel: scheduling
2026-02-22 15:43:05 - DEBUG - Switched to panel: dashboard
2026-02-22 15:50:08 - INFO - Checking weather before spray...
2026-02-22 15:50:09 - WARNING - Weather unsuitable (forecast)! Rescheduling schedule SCH_050
2026-02-22 15:50:09 - INFO - Weather reschedule attempt #1 for schedule SCH_050
2026-02-22 15:50:09 - INFO - Schedule SCH_050 rescheduled to 2026-02-23 15:50 due to weather (attempt 1/3)
2026-02-22 15:50:09 - INFO - Checking weather before spray...
2026-02-22 15:50:09 - WARNING - Weather unsuitable (forecast)! Rescheduling schedule SCH_051
2026-02-22 15:50:09 - INFO - Weather reschedule attempt #1 for schedule SCH_051
2026-02-22 15:50:09 - INFO - Schedule SCH_051 rescheduled to 2026-02-23 15:50 due to weather (attempt 1/3)
2026-02-22 15:54:24 - DEBUG - Switched to panel: dashboard
2026-02-22 15:54:26 - DEBUG - Switched to panel: dashboard
2026-02-22 15:54:29 - DEBUG - Switched to panel: scheduling
2026-02-22 15:54:29 - DEBUG - Switched to panel: scheduling
2026-02-22 15:54:37 - DEBUG - Switched to panel: previous_data
2026-02-22 15:54:37 - DEBUG - Switched to panel: previous_data
2026-02-22 15:54:46 - DEBUG - Switched to panel: dashboard
2026-02-22 19:45:17 - DEBUG - Switched to panel: scheduling
2026-02-22 19:54:33 - INFO - SCHEDULE CREATED - Date: 2026-02-23, Time: 08:00, Type: Pesticide, Container: Container 2
2026-02-22 19:55:25 - INFO - SCHEDULE CREATED - Date: 2026-02-23, Time: 08:05, Type: Fertilizer, Container: Container 1
2026-02-22 19:55:59 - INFO - SCHEDULE CREATED - Date: 2026-02-23, Time: 08:10, Type: Pesticide, Container: Container 2
2026-02-22 20:00:24 - DEBUG - Switched to panel: dashboard
2026-02-22 20:03:46 - DEBUG - Switched to panel: previous_data
2026-02-22 20:03:52 - DEBUG - Switched to panel: notifications
2026-02-22 20:03:52 - DEBUG - Switched to panel: notifications
2026-02-22 20:06:05 - DEBUG - Switched to panel: scheduling
2026-02-22 20:30:53 - DEBUG - Switched to panel: dashboard
2026-02-22 21:03:18 - DEBUG - Switched to panel: dashboard
2026-02-22 21:43:27 - INFO - Smart Sprayer Logger initialized
2026-02-22 21:43:27 - INFO - === Smart Sprayer GUI Started ===
2026-02-22 21:43:30 - INFO - Scheduler initialized
2026-02-22 21:43:30 - INFO - Scheduler started
2026-02-22 21:43:30 - INFO - Syncing ESP32 on startup...
2026-02-22 21:43:30 - INFO - Syncing time to ESP32 RTC...
2026-02-22 21:43:30 - INFO - Syncing recipients to ESP32...
2026-02-22 21:43:30 - INFO - No recipients to sync
2026-02-22 21:43:31 - INFO - ESP32 startup sync complete!
2026-02-22 21:43:36 - DEBUG - Switched to panel: dashboard
2026-02-22 21:43:36 - INFO - GUI initialization complete
2026-02-22 21:43:56 - DEBUG - Switched to panel: dashboard
2026-02-22 21:43:59 - DEBUG - Switched to panel: dashboard
2026-02-22 21:43:59 - DEBUG - Switched to panel: dashboard
2026-02-22 21:43:59 - DEBUG - Switched to panel: dashboard
2026-02-22 21:43:59 - DEBUG - Switched to panel: dashboard
2026-02-22 21:50:15 - INFO - Smart Sprayer Logger initialized
2026-02-22 21:50:15 - INFO - === Smart Sprayer GUI Started ===
2026-02-22 21:50:18 - INFO - Scheduler initialized
2026-02-22 21:50:18 - INFO - Scheduler started
2026-02-22 21:50:18 - INFO - Syncing ESP32 on startup...
2026-02-22 21:50:18 - INFO - Syncing time to ESP32 RTC...
2026-02-22 21:50:18 - INFO - Syncing recipients to ESP32...
2026-02-22 21:50:19 - INFO - No recipients to sync
2026-02-22 21:50:19 - INFO - ESP32 startup sync complete!
2026-02-22 21:50:24 - DEBUG - Switched to panel: dashboard
2026-02-22 21:50:24 - INFO - GUI initialization complete
2026-02-22 21:55:04 - DEBUG - Switched to panel: scheduling
2026-02-22 21:55:08 - DEBUG - Switched to panel: previous_data
2026-02-22 21:55:09 - DEBUG - Switched to panel: previous_data
2026-02-22 21:55:21 - DEBUG - Switched to panel: dashboard
2026-02-23 00:20:02 - DEBUG - Switched to panel: scheduling
2026-02-23 00:20:07 - DEBUG - Switched to panel: dashboard
2026-02-23 00:20:09 - DEBUG - Switched to panel: dashboard
2026-02-23 00:20:09 - DEBUG - Switched to panel: dashboard
2026-02-23 06:54:01 - DEBUG - Switched to panel: dashboard
2026-02-23 06:54:01 - DEBUG - Switched to panel: dashboard
2026-02-23 06:54:01 - DEBUG - Switched to panel: dashboard
2026-02-23 06:54:01 - DEBUG - Switched to panel: dashboard
2026-02-23 06:54:03 - DEBUG - Switched to panel: dashboard
2026-02-23 06:54:14 - DEBUG - Switched to panel: dashboard
2026-02-23 06:54:16 - DEBUG - Switched to panel: dashboard
2026-02-23 06:54:20 - DEBUG - Switched to panel: notifications
2026-02-23 06:54:23 - DEBUG - Switched to panel: dashboard
2026-02-23 07:00:41 - INFO - Smart Sprayer Logger initialized
2026-02-23 07:00:41 - INFO - === Smart Sprayer GUI Started ===
2026-02-23 07:00:44 - INFO - Scheduler initialized
2026-02-23 07:00:44 - INFO - Scheduler started
2026-02-23 07:00:44 - INFO - Syncing ESP32 on startup...
2026-02-23 07:00:44 - INFO - Syncing time to ESP32 RTC...
2026-02-23 07:00:44 - INFO - Syncing recipients to ESP32...
2026-02-23 07:00:45 - INFO - No recipients to sync
2026-02-23 07:00:45 - INFO - ESP32 startup sync complete!
2026-02-23 07:00:50 - DEBUG - Switched to panel: dashboard
2026-02-23 07:00:50 - INFO - GUI initialization complete
2026-02-23 07:01:26 - DEBUG - Switched to panel: scheduling
2026-02-23 07:02:08 - INFO - SCHEDULE CREATED - Date: 2026-02-23, Time: 08:20, Type: Pesticide, Container: Container 2
2026-02-23 07:02:43 - DEBUG - Switched to panel: dashboard
2026-02-23 07:22:05 - DEBUG - Switched to panel: spraying_events_logs
2026-02-23 07:22:08 - DEBUG - Switched to panel: notifications
2026-02-23 07:22:09 - DEBUG - Switched to panel: notifications
2026-02-23 07:23:55 - DEBUG - Switched to panel: dashboard
2026-02-23 07:44:36 - DEBUG - Switched to panel: scheduling
2026-02-23 07:44:38 - DEBUG - Switched to panel: dashboard
2026-02-23 07:44:39 - DEBUG - Switched to panel: dashboard
2026-02-23 07:45:08 - DEBUG - Switched to panel: dashboard
2026-02-23 07:45:11 - DEBUG - Switched to panel: dashboard
2026-02-23 07:57:45 - DEBUG - Switched to panel: dashboard
2026-02-23 07:57:49 - DEBUG - Switched to panel: dashboard
2026-02-23 08:00:05 - INFO - Checking weather before spray...
2026-02-23 08:00:05 - WARNING - Weather unsuitable (forecast)! Rescheduling schedule SCH_052
2026-02-23 08:00:05 - INFO - Weather reschedule attempt #1 for schedule SCH_052
2026-02-23 08:00:05 - INFO - Schedule SCH_052 rescheduled to 2026-02-24 08:00 due to weather (attempt 1/3)
2026-02-23 08:00:32 - DEBUG - Switched to panel: dashboard
2026-02-23 08:00:38 - DEBUG - Switched to panel: scheduling
2026-02-23 08:05:05 - INFO - Checking weather before spray...
2026-02-23 08:05:06 - WARNING - Weather unsuitable (forecast)! Rescheduling schedule SCH_053
2026-02-23 08:05:06 - INFO - Weather reschedule attempt #1 for schedule SCH_053
2026-02-23 08:05:06 - INFO - Schedule SCH_053 rescheduled to 2026-02-24 08:05 due to weather (attempt 1/3)
2026-02-23 08:10:06 - INFO - Checking weather before spray...
2026-02-23 08:10:07 - WARNING - Weather unsuitable (forecast)! Rescheduling schedule SCH_054
2026-02-23 08:10:07 - INFO - Weather reschedule attempt #1 for schedule SCH_054
2026-02-23 08:10:07 - INFO - Schedule SCH_054 rescheduled to 2026-02-24 08:10 due to weather (attempt 1/3)
2026-02-23 08:20:07 - INFO - Checking weather before spray...
2026-02-23 08:20:08 - WARNING - Weather unsuitable (forecast)! Rescheduling schedule SCH_055
2026-02-23 08:20:08 - INFO - Weather reschedule attempt #1 for schedule SCH_055
2026-02-23 08:20:08 - INFO - Schedule SCH_055 rescheduled to 2026-02-24 08:20 due to weather (attempt 1/3)
2026-02-23 08:21:56 - DEBUG - Switched to panel: dashboard
2026-02-23 08:22:10 - DEBUG - Switched to panel: dashboard
2026-02-23 08:22:10 - DEBUG - Switched to panel: scheduling
2026-02-23 08:39:06 - DEBUG - Switched to panel: dashboard
2026-02-23 08:41:19 - DEBUG - Switched to panel: previous_data
2026-02-23 08:41:34 - DEBUG - Switched to panel: dashboard
2026-02-23 08:51:05 - DEBUG - Switched to panel: dashboard
2026-02-23 09:03:37 - DEBUG - Switched to panel: dashboard
2026-02-23 09:03:37 - DEBUG - Switched to panel: dashboard
2026-02-23 09:06:08 - DEBUG - Switched to panel: scheduling
2026-02-23 09:09:38 - DEBUG - Switched to panel: dashboard
2026-02-23 09:09:44 - DEBUG - Switched to panel: settings
2026-02-23 09:09:47 - DEBUG - Switched to panel: previous_data
2026-02-23 09:10:26 - DEBUG - Switched to panel: notifications
2026-02-23 09:13:00 - DEBUG - Switched to panel: dashboard
2026-02-23 09:27:32 - DEBUG - Switched to panel: dashboard
2026-02-23 09:42:32 - DEBUG - Switched to panel: dashboard
2026-02-23 09:44:09 - DEBUG - Switched to panel: scheduling
2026-02-23 10:01:11 - DEBUG - Switched to panel: dashboard
2026-02-23 10:01:15 - DEBUG - Switched to panel: dashboard
2026-02-23 10:10:15 - DEBUG - Switched to panel: scheduling
2026-02-23 10:10:48 - DEBUG - Switched to panel: dashboard
2026-02-23 10:15:53 - DEBUG - Switched to panel: scheduling
2026-02-23 10:15:53 - DEBUG - Switched to panel: scheduling
2026-02-23 10:15:59 - DEBUG - Switched to panel: dashboard
2026-02-23 10:16:02 - DEBUG - Switched to panel: notifications
2026-02-23 10:16:03 - DEBUG - Switched to panel: previous_data
2026-02-23 10:16:06 - DEBUG - Switched to panel: scheduling
2026-02-23 10:16:06 - DEBUG - Switched to panel: notifications
2026-02-23 10:16:06 - DEBUG - Switched to panel: notifications
2026-02-23 10:16:07 - DEBUG - Switched to panel: dashboard
2026-02-23 10:16:14 - DEBUG - Switched to panel: scheduling
2026-02-23 10:16:17 - DEBUG - Switched to panel: dashboard
2026-02-23 10:35:00 - INFO - Checking weather before spray...
2026-02-23 10:35:01 - WARNING - Weather unsuitable (forecast)! Rescheduling schedule SCH_034
2026-02-23 10:35:01 - INFO - Weather reschedule attempt #2 for schedule SCH_034
2026-02-23 10:35:01 - INFO - Schedule SCH_034 rescheduled to 2026-02-24 10:35 due to weather (attempt 2/3)
2026-02-23 10:38:51 - DEBUG - Switched to panel: scheduling
2026-02-23 10:38:55 - DEBUG - Switched to panel: previous_data
2026-02-23 10:38:59 - DEBUG - Switched to panel: scheduling
2026-02-23 10:39:26 - DEBUG - Switched to panel: dashboard
2026-02-23 10:40:01 - INFO - Checking weather before spray...
2026-02-23 10:40:01 - WARNING - Weather unsuitable (forecast)! Rescheduling schedule SCH_035
2026-02-23 10:40:01 - INFO - Weather reschedule attempt #2 for schedule SCH_035
2026-02-23 10:40:01 - INFO - Schedule SCH_035 rescheduled to 2026-02-24 10:40 due to weather (attempt 2/3)
2026-02-23 10:40:19 - DEBUG - Switched to panel: settings
2026-02-23 10:40:20 - DEBUG - Switched to panel: settings
2026-02-23 10:40:24 - DEBUG - Switched to panel: spraying_events_logs
2026-02-23 10:40:24 - DEBUG - Switched to panel: spraying_events_logs
2026-02-23 10:40:25 - DEBUG - Switched to panel: notifications
2026-02-23 10:40:27 - DEBUG - Switched to panel: previous_data
2026-02-23 10:40:33 - DEBUG - Switched to panel: previous_data
2026-02-23 10:40:36 - DEBUG - Switched to panel: dashboard
2026-02-23 10:45:01 - INFO - Checking weather before spray...
2026-02-23 10:45:02 - WARNING - Weather unsuitable (forecast)! Rescheduling schedule SCH_037
2026-02-23 10:45:02 - INFO - Weather reschedule attempt #2 for schedule SCH_037
2026-02-23 10:45:02 - INFO - Schedule SCH_037 rescheduled to 2026-02-24 10:45 due to weather (attempt 2/3)
2026-02-23 10:47:42 - DEBUG - Switched to panel: scheduling
2026-02-23 10:47:52 - DEBUG - Switched to panel: dashboard
2026-02-23 11:00:02 - INFO - Checking weather before spray...
2026-02-23 11:00:05 - WARNING - Weather unsuitable (forecast)! Rescheduling schedule SCH_040
2026-02-23 11:00:05 - INFO - Weather reschedule attempt #2 for schedule SCH_040
2026-02-23 11:00:05 - INFO - Schedule SCH_040 rescheduled to 2026-02-24 11:00 due to weather (attempt 2/3)
2026-02-23 11:15:23 - DEBUG - Switched to panel: scheduling
2026-02-23 11:30:32 - DEBUG - Switched to panel: dashboard
2026-02-23 11:30:32 - DEBUG - Switched to panel: dashboard
2026-02-23 11:38:56 - INFO - Smart Sprayer Logger initialized
2026-02-23 11:38:56 - INFO - === Smart Sprayer GUI Started ===
2026-02-23 11:38:58 - INFO - Scheduler initialized
2026-02-23 11:38:58 - INFO - Scheduler started
2026-02-23 11:38:58 - INFO - Syncing ESP32 on startup...
2026-02-23 11:38:58 - INFO - Syncing time to ESP32 RTC...
2026-02-23 11:38:59 - INFO - Syncing recipients to ESP32...
2026-02-23 11:38:59 - INFO - No recipients to sync
2026-02-23 11:38:59 - INFO - ESP32 startup sync complete!
2026-02-23 11:39:05 - DEBUG - Switched to panel: dashboard
2026-02-23 11:39:05 - INFO - GUI initialization complete
2026-02-23 11:40:52 - INFO - Smart Sprayer Logger initialized
2026-02-23 11:40:52 - INFO - === Smart Sprayer GUI Started ===
2026-02-23 11:40:54 - INFO - Scheduler initialized
2026-02-23 11:40:54 - INFO - Scheduler started
2026-02-23 11:40:54 - INFO - Syncing ESP32 on startup...
2026-02-23 11:40:54 - INFO - Syncing time to ESP32 RTC...
2026-02-23 11:40:55 - INFO - Syncing recipients to ESP32...
2026-02-23 11:40:56 - INFO - No recipients to sync
2026-02-23 11:40:57 - INFO - ESP32 startup sync complete!
2026-02-23 11:41:03 - DEBUG - Switched to panel: dashboard
2026-02-23 11:41:03 - INFO - GUI initialization complete
2026-02-23 11:43:00 - DEBUG - Switched to panel: settings
2026-02-23 11:43:10 - DEBUG - Switched to panel: dashboard
2026-02-23 11:43:12 - DEBUG - Switched to panel: scheduling
2026-02-23 11:49:56 - DEBUG - Switched to panel: dashboard
2026-02-23 11:50:04 - INFO - Checking weather before spray...
2026-02-23 11:50:05 - WARNING - Weather unsuitable (forecast)! Rescheduling schedule SCH_043
2026-02-23 11:50:05 - INFO - Weather reschedule attempt #2 for schedule SCH_043
2026-02-23 11:50:05 - INFO - Schedule SCH_043 rescheduled to 2026-02-24 11:50 due to weather (attempt 2/3)
2026-02-23 12:34:16 - INFO - Smart Sprayer Logger initialized
2026-02-23 12:34:16 - INFO - === Smart Sprayer GUI Started ===
2026-02-23 12:34:19 - INFO - Scheduler initialized
2026-02-23 12:34:19 - INFO - Scheduler started
2026-02-23 12:34:19 - INFO - Syncing ESP32 on startup...
2026-02-23 12:34:19 - INFO - Syncing time to ESP32 RTC...
2026-02-23 12:34:19 - INFO - Syncing recipients to ESP32...
2026-02-23 12:34:20 - INFO - No recipients to sync
2026-02-23 12:34:20 - INFO - ESP32 startup sync complete!
2026-02-23 12:34:25 - DEBUG - Switched to panel: dashboard
2026-02-23 12:34:25 - INFO - GUI initialization complete
2026-02-23 12:34:25 - DEBUG - Switched to panel: dashboard
2026-02-23 12:34:37 - DEBUG - Switched to panel: scheduling
2026-02-23 12:34:42 - DEBUG - Switched to panel: previous_data
2026-02-23 12:34:45 - DEBUG - Switched to panel: notifications
2026-02-23 12:34:49 - DEBUG - Switched to panel: dashboard
2026-02-23 12:34:58 - DEBUG - Switched to panel: dashboard
2026-02-23 15:10:20 - INFO - Smart Sprayer Logger initialized
2026-02-23 15:10:20 - INFO - === Smart Sprayer GUI Started ===
2026-02-23 15:10:23 - INFO - Scheduler initialized
2026-02-23 15:10:23 - INFO - Scheduler started
2026-02-23 15:10:23 - INFO - Syncing ESP32 on startup...
2026-02-23 15:10:23 - INFO - Syncing time to ESP32 RTC...
2026-02-23 15:10:23 - INFO - Syncing recipients to ESP32...
2026-02-23 15:10:24 - INFO - No recipients to sync
2026-02-23 15:10:24 - INFO - ESP32 startup sync complete!
2026-02-23 15:10:29 - DEBUG - Switched to panel: dashboard
2026-02-23 15:10:29 - INFO - GUI initialization complete
2026-02-25 16:22:13 - INFO - Smart Sprayer Logger initialized
2026-02-25 16:22:13 - INFO - === Smart Sprayer GUI Started ===
2026-02-25 16:22:16 - INFO - Scheduler initialized
2026-02-25 16:22:16 - INFO - Scheduler started
2026-02-25 16:22:16 - INFO - Syncing ESP32 on startup...
2026-02-25 16:22:16 - INFO - Syncing time to ESP32 RTC...
2026-02-25 16:22:16 - INFO - Syncing recipients to ESP32...
2026-02-25 16:22:17 - INFO - No recipients to sync
2026-02-25 16:22:17 - INFO - ESP32 startup sync complete!
2026-02-25 16:22:22 - DEBUG - Switched to panel: dashboard
2026-02-25 16:22:22 - INFO - GUI initialization complete
2026-02-25 16:22:22 - DEBUG - Switched to panel: scheduling
2026-02-25 16:22:23 - DEBUG - Switched to panel: scheduling
2026-02-25 16:22:29 - DEBUG - Switched to panel: dashboard
2026-02-25 16:22:40 - DEBUG - Switched to panel: settings
2026-02-25 16:22:40 - DEBUG - Switched to panel: settings
2026-02-25 16:22:40 - DEBUG - Switched to panel: settings
2026-02-25 16:23:51 - INFO - Smart Sprayer Logger initialized
2026-02-25 16:23:51 - INFO - === Smart Sprayer GUI Started ===
2026-02-25 16:23:59 - INFO - Scheduler initialized
2026-02-25 16:23:59 - INFO - Scheduler started
2026-02-25 16:23:59 - INFO - Syncing ESP32 on startup...
2026-02-25 16:23:59 - INFO - Syncing time to ESP32 RTC...
2026-02-25 16:23:59 - INFO - Syncing recipients to ESP32...
2026-02-25 16:24:00 - INFO - No recipients to sync
2026-02-25 16:24:01 - INFO - ESP32 startup sync complete!
2026-02-25 16:24:07 - DEBUG - Switched to panel: dashboard
2026-02-25 16:24:07 - INFO - GUI initialization complete
2026-02-25 16:24:07 - DEBUG - Switched to panel: dashboard
2026-02-25 16:24:07 - DEBUG - Switched to panel: dashboard
2026-02-25 16:24:07 - DEBUG - Switched to panel: dashboard
2026-02-25 16:24:13 - DEBUG - Switched to panel: scheduling
2026-02-25 16:24:13 - DEBUG - Switched to panel: scheduling
2026-02-25 16:24:14 - DEBUG - Switched to panel: dashboard
2026-02-26 09:03:58 - INFO - Smart Sprayer Logger initialized
2026-02-26 09:03:58 - INFO - === Smart Sprayer GUI Started ===
2026-02-26 09:03:59 - INFO - Scheduler initialized
2026-02-26 09:03:59 - INFO - Scheduler started
2026-02-26 09:03:59 - WARNING - ESP32 not connected - skipping startup sync
2026-02-26 09:04:02 - DEBUG - Switched to panel: dashboard
2026-02-26 09:04:02 - INFO - GUI initialization complete
2026-02-26 09:04:20 - DEBUG - Switched to panel: scheduling
2026-02-26 09:04:21 - DEBUG - Switched to panel: dashboard
2026-02-26 09:06:44 - INFO - Smart Sprayer Logger initialized
2026-02-26 09:06:44 - INFO - === Smart Sprayer GUI Started ===
2026-02-26 09:06:45 - INFO - Scheduler initialized
2026-02-26 09:06:45 - INFO - Scheduler started
2026-02-26 09:06:45 - WARNING - ESP32 not connected - skipping startup sync
2026-02-26 09:06:49 - DEBUG - Switched to panel: dashboard
2026-02-26 09:06:49 - INFO - GUI initialization complete
2026-02-26 09:06:55 - DEBUG - Switched to panel: scheduling
2026-02-26 09:06:57 - DEBUG - Switched to panel: previous_data
2026-02-26 09:06:58 - DEBUG - Switched to panel: notifications
2026-02-26 09:07:00 - DEBUG - Switched to panel: spraying_events_logs
2026-02-26 09:07:01 - DEBUG - Switched to panel: settings
2026-02-26 09:07:02 - DEBUG - Switched to panel: spraying_events_logs
2026-02-26 09:07:03 - DEBUG - Switched to panel: notifications
2026-02-26 09:07:05 - DEBUG - Switched to panel: previous_data
2026-02-26 09:07:06 - DEBUG - Switched to panel: scheduling
2026-02-26 09:07:08 - DEBUG - Switched to panel: dashboard
2026-02-26 09:07:17 - DEBUG - Switched to panel: dashboard
2026-02-26 09:07:18 - DEBUG - Switched to panel: dashboard
2026-02-26 09:07:19 - DEBUG - Switched to panel: dashboard
2026-02-26 09:07:19 - DEBUG - Switched to panel: dashboard
2026-02-26 09:07:20 - DEBUG - Switched to panel: dashboard
2026-02-26 09:07:20 - DEBUG - Switched to panel: settings
2026-02-26 09:07:22 - DEBUG - Switched to panel: dashboard
2026-02-26 09:13:35 - INFO - Smart Sprayer Logger initialized
2026-02-26 09:13:35 - INFO - === Smart Sprayer GUI Started ===
2026-02-26 09:13:35 - INFO - Scheduler initialized
2026-02-26 09:13:35 - INFO - Scheduler started
2026-02-26 09:13:35 - WARNING - ESP32 not connected - skipping startup sync
2026-02-26 09:13:39 - DEBUG - Switched to panel: dashboard
2026-02-26 09:13:39 - INFO - GUI initialization complete
2026-02-26 09:13:54 - DEBUG - Switched to panel: settings
2026-02-26 09:17:56 - INFO - Smart Sprayer Logger initialized
2026-02-26 09:17:56 - INFO - === Smart Sprayer GUI Started ===
2026-02-26 09:17:57 - INFO - Scheduler initialized
2026-02-26 09:17:57 - INFO - Scheduler started
2026-02-26 09:17:57 - WARNING - ESP32 not connected - skipping startup sync
2026-02-26 09:18:01 - DEBUG - Switched to panel: dashboard
2026-02-26 09:18:01 - INFO - GUI initialization complete
2026-02-26 09:18:13 - DEBUG - Switched to panel: scheduling
2026-02-26 09:18:26 - INFO - SCHEDULE CREATED - Date: 2026-02-26, Time: 09:20, Type: Fertilizer, Container: Container 1
2026-02-26 09:18:29 - DEBUG - Switched to panel: dashboard
2026-02-26 09:18:30 - DEBUG - Switched to panel: dashboard
2026-02-26 09:18:32 - DEBUG - Switched to panel: dashboard
2026-02-26 09:20:07 - INFO - Checking weather before spray...
2026-02-26 09:20:07 - INFO - Weather check passed - safe to spray
2026-02-26 09:20:07 - INFO - SPRAY EXECUTED - Date: 2026-02-26, Time: 09:20, Type: Fertilizer, Container: Container 1
2026-02-26 09:20:07 - INFO - Executing spray: Fertilizer using Container 1, 1000.0mL for 12.0 seconds
2026-02-26 09:20:07 - INFO - SPRAY COMPLETED - ID: SCH_056, Duration: 12.0s
2026-02-26 09:21:21 - DEBUG - Switched to panel: dashboard
2026-02-26 09:21:23 - DEBUG - Switched to panel: previous_data
2026-02-26 09:21:28 - DEBUG - Switched to panel: scheduling
2026-02-26 09:21:30 - DEBUG - Switched to panel: dashboard
2026-02-26 09:27:35 - INFO - Smart Sprayer Logger initialized
2026-02-26 09:27:35 - INFO - === Smart Sprayer GUI Started ===
2026-02-26 09:27:35 - INFO - Scheduler initialized
2026-02-26 09:27:35 - INFO - Scheduler started
2026-02-26 09:27:35 - WARNING - ESP32 not connected - skipping startup sync
2026-02-26 09:27:39 - DEBUG - Switched to panel: dashboard
2026-02-26 09:27:39 - INFO - GUI initialization complete
2026-02-26 09:27:54 - DEBUG - Switched to panel: scheduling
2026-02-26 09:28:12 - INFO - SCHEDULE CREATED - Date: 2026-02-26, Time: 09:30, Type: Fertilizer, Container: Container 1
2026-02-26 09:28:17 - DEBUG - Switched to panel: dashboard
2026-02-26 09:28:26 - DEBUG - Switched to panel: settings
2026-02-26 09:29:00 - DEBUG - Switched to panel: dashboard
2026-02-26 09:29:01 - DEBUG - Switched to panel: dashboard
2026-02-26 09:29:02 - DEBUG - Switched to panel: dashboard
2026-02-26 09:29:03 - DEBUG - Switched to panel: dashboard
2026-02-26 09:29:04 - DEBUG - Switched to panel: dashboard
2026-02-26 09:30:05 - INFO - Checking weather before spray...
2026-02-26 09:30:06 - INFO - Weather check passed - safe to spray
2026-02-26 09:30:06 - INFO - SPRAY EXECUTED - Date: 2026-02-26, Time: 09:30, Type: Fertilizer, Container: Container 1
2026-02-26 09:30:06 - INFO - Executing spray: Fertilizer using Container 1, 1000.0mL for 12.0 seconds
2026-02-26 09:30:06 - INFO - SPRAY COMPLETED - ID: SCH_057, Duration: 12.0s
2026-02-26 09:30:08 - DEBUG - Switched to panel: dashboard
2026-02-26 09:30:55 - DEBUG - Switched to panel: dashboard
2026-02-26 09:39:13 - INFO - Smart Sprayer Logger initialized
2026-02-26 09:39:13 - INFO - === Smart Sprayer GUI Started ===
2026-02-26 09:39:16 - INFO - Scheduler initialized
2026-02-26 09:39:16 - INFO - Scheduler started
2026-02-26 09:39:16 - WARNING - ESP32 not connected - skipping startup sync
2026-02-26 09:39:19 - DEBUG - Switched to panel: dashboard
2026-02-26 09:39:19 - INFO - GUI initialization complete
2026-02-26 09:39:30 - DEBUG - Switched to panel: scheduling
2026-02-26 09:39:38 - INFO - SCHEDULE CREATED - Date: 2026-02-26, Time: 09:40, Type: Fertilizer, Container: Container 1
2026-02-26 09:39:42 - DEBUG - Switched to panel: dashboard
2026-02-26 09:39:43 - DEBUG - Switched to panel: dashboard
2026-02-26 09:39:44 - DEBUG - Switched to panel: dashboard
2026-02-26 09:39:44 - DEBUG - Switched to panel: dashboard
2026-02-26 09:39:44 - DEBUG - Switched to panel: dashboard
2026-02-26 09:39:45 - DEBUG - Switched to panel: dashboard
2026-02-26 09:39:45 - DEBUG - Switched to panel: dashboard
2026-02-26 09:39:46 - DEBUG - Switched to panel: dashboard
2026-02-26 09:39:46 - DEBUG - Switched to panel: dashboard
2026-02-26 09:39:46 - DEBUG - Switched to panel: dashboard
2026-02-26 09:39:47 - DEBUG - Switched to panel: dashboard
2026-02-26 09:39:55 - DEBUG - Switched to panel: settings
2026-02-26 09:39:57 - DEBUG - Switched to panel: settings
2026-02-26 09:39:58 - DEBUG - Switched to panel: settings
2026-02-26 09:40:06 - INFO - Checking weather before spray...
2026-02-26 09:40:07 - INFO - Weather check passed - safe to spray
2026-02-26 09:40:07 - INFO - SPRAY EXECUTED - Date: 2026-02-26, Time: 09:40, Type: Fertilizer, Container: Container 1
2026-02-26 09:40:07 - INFO - Executing spray: Fertilizer using Container 1, 1000.0mL for 12.0 seconds
2026-02-26 09:40:07 - INFO - SPRAY COMPLETED - ID: SCH_058, Duration: 12.0s
2026-02-26 09:43:14 - DEBUG - Switched to panel: dashboard
2026-02-26 09:43:15 - DEBUG - Switched to panel: dashboard
2026-02-26 09:43:15 - DEBUG - Switched to panel: dashboard
2026-02-26 09:43:16 - DEBUG - Switched to panel: dashboard
2026-02-26 09:43:16 - DEBUG - Switched to panel: dashboard
2026-02-26 09:43:16 - DEBUG - Switched to panel: dashboard
2026-02-26 09:43:17 - DEBUG - Switched to panel: dashboard
2026-02-26 09:43:18 - DEBUG - Switched to panel: dashboard
2026-02-26 09:44:22 - DEBUG - Switched to panel: dashboard
2026-02-26 09:44:23 - DEBUG - Switched to panel: dashboard
2026-02-26 09:44:26 - DEBUG - Switched to panel: dashboard
2026-02-26 09:48:58 - INFO - Smart Sprayer Logger initialized
2026-02-26 09:48:58 - INFO - === Smart Sprayer GUI Started ===
2026-02-26 09:48:58 - INFO - Scheduler initialized
2026-02-26 09:48:58 - INFO - Scheduler started
2026-02-26 09:48:58 - WARNING - ESP32 not connected - skipping startup sync
2026-02-26 09:49:02 - DEBUG - Switched to panel: dashboard
2026-02-26 09:49:02 - INFO - GUI initialization complete
2026-02-26 10:00:01 - INFO - Smart Sprayer Logger initialized
2026-02-26 10:00:01 - INFO - === Smart Sprayer GUI Started ===
2026-02-26 10:00:04 - INFO - Scheduler initialized
2026-02-26 10:00:04 - INFO - Scheduler started
2026-02-26 10:00:04 - INFO - Syncing ESP32 on startup...
2026-02-26 10:00:04 - INFO - Syncing time to ESP32 RTC...
2026-02-26 10:00:05 - INFO - Syncing recipients to ESP32...
2026-02-26 10:00:05 - INFO - Synced 2 recipients to ESP32
2026-02-26 10:00:05 - INFO - ESP32 startup sync complete!
2026-02-26 10:00:11 - DEBUG - Switched to panel: dashboard
2026-02-26 10:00:11 - INFO - GUI initialization complete
2026-02-26 10:00:20 - DEBUG - Switched to panel: scheduling
2026-02-26 10:00:38 - INFO - SCHEDULE CREATED - Date: 2026-02-26, Time: 10:05, Type: Fertilizer, Container: Container 1
2026-02-26 10:02:28 - INFO - Smart Sprayer Logger initialized
2026-02-26 10:02:28 - INFO - === Smart Sprayer GUI Started ===
2026-02-26 10:02:30 - INFO - Scheduler initialized
2026-02-26 10:02:30 - INFO - Scheduler started
2026-02-26 10:02:30 - INFO - Syncing ESP32 on startup...
2026-02-26 10:02:30 - INFO - Syncing time to ESP32 RTC...
2026-02-26 10:02:31 - INFO - Syncing recipients to ESP32...
2026-02-26 10:02:31 - INFO - Synced 2 recipients to ESP32
2026-02-26 10:02:31 - INFO - ESP32 startup sync complete!
2026-02-26 10:02:37 - DEBUG - Switched to panel: dashboard
2026-02-26 10:02:37 - INFO - GUI initialization complete
2026-02-26 10:02:37 - DEBUG - Switched to panel: dashboard
2026-02-26 10:02:41 - DEBUG - Switched to panel: scheduling
2026-02-26 10:02:56 - INFO - SCHEDULE CREATED - Date: 2026-02-26, Time: 10:10, Type: Fertilizer, Container: Container 1
2026-02-26 10:03:04 - DEBUG - Switched to panel: dashboard
2026-02-26 10:03:13 - DEBUG - Switched to panel: dashboard
2026-02-26 10:04:45 - DEBUG - Switched to panel: scheduling
2026-02-26 10:05:00 - INFO - Checking weather before spray...
2026-02-26 10:05:01 - DEBUG - Switched to panel: dashboard
2026-02-26 10:05:01 - INFO - Weather check passed - safe to spray
2026-02-26 10:05:01 - INFO - SPRAY EXECUTED - Date: 2026-02-26, Time: 10:05, Type: Fertilizer, Container: Container 1
2026-02-26 10:05:01 - INFO - Executing spray: Fertilizer using Container 1, 1000.0mL for 12.0 seconds
2026-02-26 10:05:02 - INFO - SPRAY COMPLETED - ID: SCH_059, Duration: 12.0s
2026-02-26 10:05:48 - DEBUG - Switched to panel: scheduling
2026-02-26 10:05:48 - DEBUG - Switched to panel: scheduling
2026-02-26 10:06:01 - DEBUG - Switched to panel: dashboard
2026-02-26 10:07:05 - DEBUG - Switched to panel: scheduling
2026-02-26 10:07:08 - DEBUG - Switched to panel: scheduling
2026-02-26 10:07:32 - DEBUG - Switched to panel: dashboard
2026-02-26 10:07:35 - DEBUG - Switched to panel: dashboard
2026-02-26 10:07:35 - DEBUG - Switched to panel: dashboard
2026-02-26 10:07:35 - DEBUG - Switched to panel: dashboard
2026-02-26 10:07:35 - DEBUG - Switched to panel: dashboard
2026-02-26 10:07:35 - DEBUG - Switched to panel: dashboard
2026-02-26 10:07:38 - DEBUG - Switched to panel: dashboard
2026-02-26 10:07:41 - DEBUG - Switched to panel: dashboard
2026-02-26 10:07:41 - DEBUG - Switched to panel: dashboard
2026-02-26 10:07:41 - DEBUG - Switched to panel: dashboard
2026-02-26 10:07:41 - DEBUG - Switched to panel: dashboard
2026-02-26 10:07:41 - DEBUG - Switched to panel: dashboard
2026-02-26 10:07:41 - DEBUG - Switched to panel: dashboard
2026-02-26 10:07:41 - DEBUG - Switched to panel: dashboard
2026-02-26 10:08:28 - DEBUG - Switched to panel: scheduling
2026-02-26 10:08:30 - DEBUG - Switched to panel: dashboard
2026-02-26 10:08:31 - DEBUG - Switched to panel: dashboard
2026-02-26 10:08:32 - DEBUG - Switched to panel: dashboard
2026-02-26 10:08:32 - DEBUG - Switched to panel: dashboard
2026-02-26 10:08:36 - DEBUG - Switched to panel: dashboard
2026-02-26 10:08:36 - DEBUG - Switched to panel: dashboard
2026-02-26 10:08:36 - DEBUG - Switched to panel: dashboard
2026-02-26 10:08:36 - DEBUG - Switched to panel: dashboard
2026-02-26 10:08:36 - DEBUG - Switched to panel: dashboard
2026-02-26 10:08:36 - DEBUG - Switched to panel: dashboard
2026-02-26 10:08:36 - DEBUG - Switched to panel: dashboard
2026-02-26 10:08:36 - DEBUG - Switched to panel: dashboard
2026-02-26 10:08:36 - DEBUG - Switched to panel: dashboard
2026-02-26 10:08:36 - DEBUG - Switched to panel: dashboard
2026-02-26 10:08:36 - DEBUG - Switched to panel: dashboard
2026-02-26 10:08:36 - DEBUG - Switched to panel: dashboard
2026-02-26 10:08:36 - DEBUG - Switched to panel: dashboard
2026-02-26 10:08:36 - DEBUG - Switched to panel: dashboard
2026-02-26 10:08:37 - DEBUG - Switched to panel: dashboard
2026-02-26 10:09:20 - DEBUG - Switched to panel: dashboard
2026-02-26 10:09:27 - DEBUG - Switched to panel: dashboard
2026-02-26 10:09:27 - DEBUG - Switched to panel: dashboard
2026-02-26 10:09:27 - DEBUG - Switched to panel: dashboard
2026-02-26 10:09:27 - DEBUG - Switched to panel: dashboard
2026-02-26 10:09:27 - DEBUG - Switched to panel: dashboard
2026-02-26 10:09:27 - DEBUG - Switched to panel: dashboard
2026-02-26 10:09:27 - DEBUG - Switched to panel: dashboard
2026-02-26 10:09:27 - DEBUG - Switched to panel: dashboard
2026-02-26 10:09:27 - DEBUG - Switched to panel: dashboard
2026-02-26 10:10:04 - INFO - Checking weather before spray...
2026-02-26 10:10:05 - INFO - Weather check passed - safe to spray
2026-02-26 10:10:05 - INFO - SPRAY EXECUTED - Date: 2026-02-26, Time: 10:10, Type: Fertilizer, Container: Container 1
2026-02-26 10:10:05 - INFO - Executing spray: Fertilizer using Container 1, 1000.0mL for 12.0 seconds
2026-02-26 10:10:06 - INFO - SPRAY COMPLETED - ID: SCH_060, Duration: 12.0s
2026-02-26 10:10:09 - DEBUG - Switched to panel: scheduling
2026-02-26 10:10:10 - DEBUG - Switched to panel: dashboard
2026-02-26 10:10:13 - DEBUG - Switched to panel: dashboard
2026-02-26 10:11:01 - DEBUG - Switched to panel: previous_data
2026-02-26 10:11:01 - DEBUG - Switched to panel: previous_data
2026-02-26 10:52:22 - INFO - Smart Sprayer Logger initialized
2026-02-26 10:52:22 - INFO - === Smart Sprayer GUI Started ===
2026-02-26 10:52:25 - INFO - Scheduler initialized
2026-02-26 10:52:25 - INFO - Scheduler started
2026-02-26 10:52:25 - INFO - Syncing ESP32 on startup...
2026-02-26 10:52:25 - INFO - Syncing time to ESP32 RTC...
2026-02-26 10:52:26 - INFO - Syncing recipients to ESP32...
2026-02-26 10:52:26 - INFO - Synced 2 recipients to ESP32
2026-02-26 10:52:26 - INFO - ESP32 startup sync complete!
2026-02-26 10:52:32 - DEBUG - Switched to panel: dashboard
2026-02-26 10:52:32 - INFO - GUI initialization complete
2026-02-26 10:52:47 - DEBUG - Switched to panel: dashboard
2026-02-26 11:21:21 - DEBUG - Switched to panel: scheduling
2026-02-26 11:34:10 - DEBUG - Switched to panel: dashboard
2026-02-26 11:34:12 - DEBUG - Switched to panel: dashboard
2026-02-26 11:41:32 - DEBUG - Switched to panel: dashboard
2026-02-26 11:41:34 - DEBUG - Switched to panel: scheduling
2026-02-26 11:41:36 - DEBUG - Switched to panel: scheduling
2026-02-26 11:57:28 - INFO - Smart Sprayer Logger initialized
2026-02-26 11:57:28 - INFO - === Smart Sprayer GUI Started ===
2026-02-26 11:57:30 - INFO - Scheduler initialized
2026-02-26 11:57:30 - INFO - Scheduler started
2026-02-26 11:57:30 - INFO - Syncing ESP32 on startup...
2026-02-26 11:57:30 - INFO - Syncing time to ESP32 RTC...
2026-02-26 11:57:31 - INFO - Syncing recipients to ESP32...
2026-02-26 11:57:31 - INFO - Synced 2 recipients to ESP32
2026-02-26 11:57:31 - INFO - ESP32 startup sync complete!
2026-02-26 11:57:39 - DEBUG - Switched to panel: dashboard
2026-02-26 11:57:39 - INFO - GUI initialization complete
2026-02-26 11:57:44 - DEBUG - Switched to panel: dashboard
2026-02-26 11:58:06 - DEBUG - Switched to panel: scheduling
2026-02-26 11:58:09 - DEBUG - Switched to panel: dashboard
2026-02-26 11:58:14 - DEBUG - Switched to panel: settings
2026-02-26 11:58:16 - DEBUG - Switched to panel: dashboard
2026-02-26 11:58:32 - DEBUG - Switched to panel: scheduling
2026-02-26 11:58:45 - INFO - SCHEDULE CREATED - Date: 2026-02-26, Time: 12:00, Type: Fertilizer, Container: Container 1
2026-02-26 11:59:35 - DEBUG - Switched to panel: dashboard
2026-02-26 11:59:37 - DEBUG - Switched to panel: dashboard
2026-02-26 11:59:37 - DEBUG - Switched to panel: dashboard
2026-02-26 11:59:37 - DEBUG - Switched to panel: dashboard
2026-02-26 11:59:37 - DEBUG - Switched to panel: dashboard
2026-02-26 11:59:39 - DEBUG - Switched to panel: dashboard
2026-02-26 12:00:00 - INFO - Checking weather before spray...
2026-02-26 12:00:01 - INFO - Weather check passed - safe to spray
2026-02-26 12:00:01 - INFO - SPRAY EXECUTED - Date: 2026-02-26, Time: 12:00, Type: Fertilizer, Container: Container 1
2026-02-26 12:00:01 - INFO - Executing spray: Fertilizer using Container 1, 1000.0mL for 12.0 seconds
2026-02-26 12:00:01 - INFO - SPRAY COMPLETED - ID: SCH_061, Duration: 12.0s
2026-02-26 12:00:40 - DEBUG - Switched to panel: dashboard
2026-02-26 12:00:40 - DEBUG - Switched to panel: dashboard
2026-02-26 12:00:42 - DEBUG - Switched to panel: dashboard
2026-02-26 12:00:42 - DEBUG - Switched to panel: dashboard
2026-02-26 12:01:33 - DEBUG - Switched to panel: settings
2026-02-26 12:01:33 - DEBUG - Switched to panel: settings
2026-02-26 12:01:33 - DEBUG - Switched to panel: settings
2026-02-26 13:24:10 - INFO - Smart Sprayer Logger initialized
2026-02-26 13:24:10 - INFO - === Smart Sprayer GUI Started ===
2026-02-26 13:24:13 - INFO - Scheduler initialized
2026-02-26 13:24:13 - INFO - Scheduler started
2026-02-26 13:24:13 - INFO - Syncing ESP32 on startup...
2026-02-26 13:24:13 - INFO - Syncing time to ESP32 RTC...
2026-02-26 13:24:13 - INFO - Syncing recipients to ESP32...
2026-02-26 13:24:13 - INFO - Synced 2 recipients to ESP32
2026-02-26 13:24:14 - INFO - ESP32 startup sync complete!
2026-02-26 13:24:20 - DEBUG - Switched to panel: dashboard
2026-02-26 13:24:20 - INFO - GUI initialization complete
2026-02-26 13:32:17 - INFO - Smart Sprayer Logger initialized
2026-02-26 13:32:17 - INFO - === Smart Sprayer GUI Started ===
2026-02-26 13:32:21 - INFO - Scheduler initialized
2026-02-26 13:32:21 - INFO - Scheduler started
2026-02-26 13:32:21 - INFO - Syncing ESP32 on startup...
2026-02-26 13:32:21 - INFO - Syncing time to ESP32 RTC...
2026-02-26 13:32:21 - INFO - Syncing recipients to ESP32...
2026-02-26 13:32:21 - INFO - Synced 2 recipients to ESP32
2026-02-26 13:32:22 - INFO - ESP32 startup sync complete!
2026-02-26 13:32:28 - DEBUG - Switched to panel: dashboard
2026-02-26 13:32:28 - INFO - GUI initialization complete
2026-02-26 13:32:28 - DEBUG - Switched to panel: scheduling
2026-02-26 13:32:34 - DEBUG - Switched to panel: dashboard
2026-02-26 13:32:44 - DEBUG - Switched to panel: scheduling
2026-02-26 13:33:12 - INFO - SCHEDULE CREATED - Date: 2026-02-26, Time: 13:35, Type: Fertilizer, Container: Container 1
2026-02-26 13:33:36 - DEBUG - Switched to panel: dashboard
2026-02-26 13:35:01 - INFO - Checking weather before spray...
2026-02-26 13:35:01 - INFO - Weather check passed - safe to spray
2026-02-26 13:35:01 - INFO - SPRAY EXECUTED - Date: 2026-02-26, Time: 13:35, Type: Fertilizer, Container: Container 1
2026-02-26 13:35:01 - INFO - Executing spray: Fertilizer using Container 1, 1000.0mL for 12.0 seconds
2026-02-26 13:35:01 - INFO - SPRAY COMPLETED - ID: SCH_062, Duration: 12.0s
2026-02-26 13:37:16 - INFO - Smart Sprayer Logger initialized
2026-02-26 13:37:16 - INFO - === Smart Sprayer GUI Started ===
2026-02-26 13:37:19 - INFO - Scheduler initialized
2026-02-26 13:37:19 - INFO - Scheduler started
2026-02-26 13:37:19 - INFO - Syncing ESP32 on startup...
2026-02-26 13:37:19 - INFO - Syncing time to ESP32 RTC...
2026-02-26 13:37:19 - INFO - Syncing recipients to ESP32...
2026-02-26 13:37:20 - INFO - Synced 2 recipients to ESP32
2026-02-26 13:37:20 - INFO - ESP32 startup sync complete!
2026-02-26 13:37:26 - DEBUG - Switched to panel: dashboard
2026-02-26 13:37:26 - INFO - GUI initialization complete
2026-02-26 13:37:28 - DEBUG - Switched to panel: scheduling
2026-02-26 13:38:13 - INFO - SCHEDULE CREATED - Date: 2026-02-26, Time: 15:40, Type: Pesticide, Container: Container 2
2026-02-26 13:39:18 - DEBUG - Switched to panel: dashboard
2026-02-26 13:40:49 - DEBUG - Switched to panel: scheduling
2026-02-26 13:40:55 - DEBUG - Switched to panel: dashboard
2026-02-26 13:42:15 - DEBUG - Switched to panel: scheduling
2026-02-26 13:42:52 - INFO - SCHEDULE CREATED - Date: 2026-02-26, Time: 13:45, Type: Pesticide, Container: Container 2
2026-02-26 13:43:04 - DEBUG - Switched to panel: dashboard
2026-02-26 13:43:11 - DEBUG - Switched to panel: dashboard
2026-02-26 13:43:59 - DEBUG - Switched to panel: scheduling
2026-02-26 13:44:13 - DEBUG - Switched to panel: dashboard
2026-02-26 13:45:09 - INFO - Checking weather before spray...
2026-02-26 13:45:10 - INFO - Weather check passed - safe to spray
2026-02-26 13:45:10 - INFO - SPRAY EXECUTED - Date: 2026-02-26, Time: 13:45, Type: Pesticide, Container: Container 2
2026-02-26 13:45:10 - INFO - Executing spray: Pesticide using Container 2, 1000.0mL for 12.0 seconds
2026-02-26 13:45:11 - INFO - SPRAY COMPLETED - ID: SCH_064, Duration: 12.0s
2026-02-26 13:45:35 - DEBUG - Switched to panel: dashboard
2026-02-26 13:45:35 - DEBUG - Switched to panel: dashboard
2026-02-26 13:45:38 - DEBUG - Switched to panel: dashboard
2026-02-26 13:45:38 - DEBUG - Switched to panel: dashboard
2026-02-26 14:00:56 - INFO - Smart Sprayer Logger initialized
2026-02-26 14:00:56 - INFO - === Smart Sprayer GUI Started ===
2026-02-26 14:00:59 - INFO - Scheduler initialized
2026-02-26 14:00:59 - INFO - Scheduler started
2026-02-26 14:00:59 - INFO - Syncing ESP32 on startup...
2026-02-26 14:00:59 - INFO - Syncing time to ESP32 RTC...
2026-02-26 14:00:59 - INFO - Syncing recipients to ESP32...
2026-02-26 14:01:00 - INFO - Synced 2 recipients to ESP32
2026-02-26 14:01:01 - INFO - ESP32 startup sync complete!
2026-02-26 14:01:07 - DEBUG - Switched to panel: dashboard
2026-02-26 14:01:07 - INFO - GUI initialization complete
2026-02-26 14:01:41 - DEBUG - Switched to panel: previous_data
2026-02-26 14:01:43 - DEBUG - Switched to panel: scheduling
2026-02-26 14:02:13 - INFO - SCHEDULE CREATED - Date: 2026-02-26, Time: 14:05, Type: Pesticide, Container: Container 2
2026-02-26 14:02:45 - DEBUG - Switched to panel: dashboard
2026-02-26 14:02:45 - DEBUG - Switched to panel: dashboard
2026-02-26 14:02:46 - DEBUG - Switched to panel: dashboard
2026-02-26 14:02:58 - DEBUG - Switched to panel: dashboard
2026-02-26 14:03:33 - DEBUG - Switched to panel: dashboard
2026-02-26 14:03:47 - DEBUG - Switched to panel: dashboard
2026-02-26 14:04:46 - DEBUG - Switched to panel: scheduling
2026-02-26 14:05:03 - DEBUG - Switched to panel: dashboard
2026-02-26 14:05:05 - DEBUG - Switched to panel: dashboard
2026-02-26 14:05:09 - INFO - Checking weather before spray...
2026-02-26 14:05:10 - INFO - Weather check passed - safe to spray
2026-02-26 14:05:10 - INFO - SPRAY EXECUTED - Date: 2026-02-26, Time: 14:05, Type: Pesticide, Container: Container 2
2026-02-26 14:05:10 - INFO - Executing spray: Pesticide using Container 2, 5000.0mL for 60.0 seconds
2026-02-26 14:05:11 - INFO - SPRAY COMPLETED - ID: SCH_065, Duration: 60.0s
2026-02-26 14:19:52 - INFO - Smart Sprayer Logger initialized
2026-02-26 14:19:52 - INFO - === Smart Sprayer GUI Started ===
2026-02-26 14:19:54 - INFO - Scheduler initialized
2026-02-26 14:19:54 - INFO - Scheduler started
2026-02-26 14:19:54 - INFO - Syncing ESP32 on startup...
2026-02-26 14:19:54 - INFO - Syncing time to ESP32 RTC...
2026-02-26 14:19:55 - INFO - Syncing recipients to ESP32...
2026-02-26 14:19:55 - INFO - Synced 2 recipients to ESP32
2026-02-26 14:19:55 - INFO - ESP32 startup sync complete!
2026-02-26 14:20:02 - DEBUG - Switched to panel: dashboard
2026-02-26 14:20:02 - INFO - GUI initialization complete
2026-02-26 14:21:09 - INFO - Smart Sprayer Logger initialized
2026-02-26 14:21:09 - INFO - === Smart Sprayer GUI Started ===
2026-02-26 14:21:13 - INFO - Scheduler initialized
2026-02-26 14:21:13 - INFO - Scheduler started
2026-02-26 14:21:13 - INFO - Syncing ESP32 on startup...
2026-02-26 14:21:13 - INFO - Syncing time to ESP32 RTC...
2026-02-26 14:21:13 - INFO - Syncing recipients to ESP32...
2026-02-26 14:21:13 - INFO - Synced 2 recipients to ESP32
2026-02-26 14:21:14 - INFO - ESP32 startup sync complete!
2026-02-26 14:21:20 - DEBUG - Switched to panel: dashboard
2026-02-26 14:21:20 - INFO - GUI initialization complete
