2026-01-20 19:11:57 - INFO - Smart Sprayer Logger initialized
2026-01-20 19:11:58 - INFO - === Smart Sprayer GUI Started ===
2026-01-20 19:11:58 - INFO - Scheduler initialized
2026-01-20 19:11:58 - INFO - Scheduler started
2026-01-20 19:12:00 - DEBUG - Switched to panel: dashboard
2026-01-20 19:12:00 - INFO - GUI initialization complete
2026-01-20 19:12:10 - DEBUG - Switched to panel: scheduling
2026-01-20 19:12:14 - DEBUG - Switched to panel: previous_data
2026-01-20 19:12:17 - DEBUG - Switched to panel: dashboard
2026-01-20 19:14:00 - DEBUG - Switched to panel: scheduling
2026-01-20 19:14:22 - DEBUG - Switched to panel: previous_data
2026-01-20 19:14:25 - DEBUG - Switched to panel: notifications
2026-01-20 19:14:27 - DEBUG - Switched to panel: logs
2026-01-20 19:14:38 - DEBUG - Switched to panel: notifications
2026-01-20 19:15:07 - DEBUG - Switched to panel: previous_data
2026-01-20 19:15:08 - DEBUG - Switched to panel: scheduling
2026-01-20 19:16:10 - INFO - === Shutting down Smart Sprayer ===
2026-01-20 19:16:12 - INFO - Scheduler stopped
2026-01-20 19:16:13 - INFO - Shutdown complete
2026-02-07 22:08:59 - INFO - Smart Sprayer Logger initialized
2026-02-07 22:08:59 - INFO - === Smart Sprayer GUI Started ===
2026-02-09 20:47:55 - INFO - Smart Sprayer Logger initialized
2026-02-09 20:47:55 - INFO - === Smart Sprayer GUI Started ===
2026-02-09 20:47:55 - INFO - Scheduler initialized
2026-02-09 20:47:55 - INFO - Scheduler started
2026-02-09 20:47:55 - WARNING - ESP32 not connected - skipping startup sync
2026-02-09 20:47:56 - DEBUG - Switched to panel: dashboard
2026-02-09 20:47:56 - INFO - GUI initialization complete
2026-02-09 20:48:02 - DEBUG - Switched to panel: scheduling
2026-02-09 20:48:03 - DEBUG - Switched to panel: previous_data
2026-02-09 20:48:05 - DEBUG - Switched to panel: notifications
2026-02-09 20:48:06 - DEBUG - Switched to panel: spraying_events_logs
2026-02-09 20:48:07 - DEBUG - Switched to panel: settings
2026-02-09 20:48:10 - DEBUG - Switched to panel: dashboard
2026-02-09 20:49:17 - DEBUG - Switched to panel: scheduling
2026-02-09 20:49:21 - DEBUG - Switched to panel: dashboard
2026-02-09 20:49:22 - DEBUG - Switched to panel: scheduling
2026-02-09 20:49:40 - INFO - SCHEDULE CREATED - Date: 2026-02-09, Time: 20:50, Type: Fertilizer, Container: Container 1
2026-02-09 20:49:46 - DEBUG - Switched to panel: dashboard
2026-02-09 20:49:49 - DEBUG - Switched to panel: dashboard
2026-02-09 20:49:57 - DEBUG - Switched to panel: scheduling
2026-02-09 20:49:58 - DEBUG - Switched to panel: previous_data
2026-02-09 20:50:02 - DEBUG - Switched to panel: dashboard
2026-02-09 20:50:05 - INFO - SPRAY EXECUTED - Date: 2026-02-09, Time: 20:50, Type: Fertilizer, Container: Container 1
2026-02-09 20:50:05 - INFO - Executing spray: Fertilizer using Container 1, 1000.0mL for 12.0 seconds
2026-02-09 20:50:05 - INFO - SPRAY COMPLETED - ID: SCH_001, Duration: 12.0s
2026-02-09 20:50:17 - DEBUG - Switched to panel: scheduling
2026-02-09 20:50:37 - DEBUG - Switched to panel: dashboard
2026-02-09 20:53:00 - INFO - Smart Sprayer Logger initialized
2026-02-09 20:53:00 - INFO - === Smart Sprayer GUI Started ===
2026-02-09 20:53:00 - INFO - Scheduler initialized
2026-02-09 20:53:00 - INFO - Scheduler started
2026-02-09 20:53:00 - WARNING - ESP32 not connected - skipping startup sync
2026-02-09 20:53:03 - DEBUG - Switched to panel: dashboard
2026-02-09 20:53:03 - INFO - GUI initialization complete
2026-02-09 20:53:09 - DEBUG - Switched to panel: scheduling
2026-02-09 20:53:13 - DEBUG - Switched to panel: previous_data
2026-02-09 20:53:19 - DEBUG - Switched to panel: notifications
2026-02-09 20:53:21 - DEBUG - Switched to panel: dashboard
2026-02-09 20:54:55 - DEBUG - Switched to panel: scheduling
2026-02-09 20:55:14 - DEBUG - Switched to panel: previous_data
2026-02-09 20:55:25 - DEBUG - Switched to panel: notifications
2026-02-09 20:58:46 - DEBUG - Switched to panel: previous_data
2026-02-09 20:58:48 - DEBUG - Switched to panel: scheduling
2026-02-09 20:58:50 - DEBUG - Switched to panel: dashboard
2026-02-09 21:32:52 - INFO - Smart Sprayer Logger initialized
2026-02-09 21:32:52 - INFO - === Smart Sprayer GUI Started ===
2026-02-09 21:32:52 - INFO - Scheduler initialized
2026-02-09 21:32:52 - INFO - Scheduler started
2026-02-09 21:32:52 - WARNING - ESP32 not connected - skipping startup sync
2026-02-09 21:32:53 - DEBUG - Switched to panel: dashboard
2026-02-09 21:32:53 - INFO - GUI initialization complete
2026-02-09 21:35:43 - INFO - Smart Sprayer Logger initialized
2026-02-09 21:35:43 - INFO - === Smart Sprayer GUI Started ===
2026-02-09 21:35:43 - INFO - Scheduler initialized
2026-02-09 21:35:43 - INFO - Scheduler started
2026-02-09 21:35:43 - WARNING - ESP32 not connected - skipping startup sync
2026-02-09 21:35:44 - DEBUG - Switched to panel: dashboard
2026-02-09 21:35:44 - INFO - GUI initialization complete
2026-02-09 21:38:16 - DEBUG - Switched to panel: scheduling
2026-02-09 21:38:17 - DEBUG - Switched to panel: previous_data
2026-02-09 21:38:18 - DEBUG - Switched to panel: notifications
2026-02-09 21:38:19 - DEBUG - Switched to panel: spraying_events_logs
2026-02-09 21:38:21 - DEBUG - Switched to panel: dashboard
2026-02-09 21:39:00 - INFO - Smart Sprayer Logger initialized
2026-02-09 21:39:00 - INFO - === Smart Sprayer GUI Started ===
2026-02-09 21:39:00 - INFO - Scheduler initialized
2026-02-09 21:39:00 - INFO - Scheduler started
2026-02-09 21:39:00 - WARNING - ESP32 not connected - skipping startup sync
2026-02-09 21:39:02 - DEBUG - Switched to panel: dashboard
2026-02-09 21:39:02 - INFO - GUI initialization complete
2026-02-09 21:41:19 - INFO - Smart Sprayer Logger initialized
2026-02-09 21:41:19 - INFO - === Smart Sprayer GUI Started ===
2026-02-09 21:41:19 - INFO - Scheduler initialized
2026-02-09 21:41:19 - INFO - Scheduler started
2026-02-09 21:41:19 - WARNING - ESP32 not connected - skipping startup sync
2026-02-09 21:41:21 - DEBUG - Switched to panel: dashboard
2026-02-09 21:41:21 - INFO - GUI initialization complete
2026-02-09 21:45:18 - INFO - Smart Sprayer Logger initialized
2026-02-09 21:45:18 - INFO - === Smart Sprayer GUI Started ===
2026-02-09 21:45:18 - INFO - Scheduler initialized
2026-02-09 21:45:18 - INFO - Scheduler started
2026-02-09 21:45:18 - WARNING - ESP32 not connected - skipping startup sync
2026-02-09 21:45:20 - DEBUG - Switched to panel: dashboard
2026-02-09 21:45:20 - INFO - GUI initialization complete
2026-02-09 21:48:13 - INFO - Smart Sprayer Logger initialized
2026-02-09 21:48:13 - INFO - === Smart Sprayer GUI Started ===
2026-02-09 21:48:13 - INFO - Scheduler initialized
2026-02-09 21:48:13 - INFO - Scheduler started
2026-02-09 21:48:13 - WARNING - ESP32 not connected - skipping startup sync
2026-02-09 21:48:14 - DEBUG - Switched to panel: dashboard
2026-02-09 21:48:14 - INFO - GUI initialization complete
2026-02-09 21:50:39 - INFO - Smart Sprayer Logger initialized
2026-02-09 21:50:39 - INFO - === Smart Sprayer GUI Started ===
2026-02-09 21:50:39 - INFO - Scheduler initialized
2026-02-09 21:50:39 - INFO - Scheduler started
2026-02-09 21:50:39 - WARNING - ESP32 not connected - skipping startup sync
2026-02-09 21:50:40 - DEBUG - Switched to panel: dashboard
2026-02-09 21:50:40 - INFO - GUI initialization complete
2026-02-09 21:53:28 - DEBUG - Switched to panel: scheduling
2026-02-09 21:53:28 - DEBUG - Switched to panel: dashboard
2026-02-09 21:55:13 - INFO - Smart Sprayer Logger initialized
2026-02-09 21:55:13 - INFO - === Smart Sprayer GUI Started ===
2026-02-09 21:55:13 - INFO - Scheduler initialized
2026-02-09 21:55:13 - INFO - Scheduler started
2026-02-09 21:55:13 - WARNING - ESP32 not connected - skipping startup sync
2026-02-09 21:55:15 - DEBUG - Switched to panel: dashboard
2026-02-09 21:55:15 - INFO - GUI initialization complete
2026-02-09 21:55:44 - INFO - Smart Sprayer Logger initialized
2026-02-09 21:55:44 - INFO - === Smart Sprayer GUI Started ===
2026-02-09 21:55:44 - INFO - Scheduler initialized
2026-02-09 21:55:44 - INFO - Scheduler started
2026-02-09 21:55:44 - WARNING - ESP32 not connected - skipping startup sync
2026-02-09 21:55:45 - DEBUG - Switched to panel: dashboard
2026-02-09 21:55:45 - INFO - GUI initialization complete
2026-02-09 21:56:01 - INFO - === Shutting down Smart Sprayer ===
2026-02-09 21:56:03 - INFO - Scheduler stopped
2026-02-09 21:56:05 - INFO - Smart Sprayer Logger initialized
2026-02-09 21:56:05 - INFO - === Smart Sprayer GUI Started ===
2026-02-09 21:56:05 - INFO - Scheduler initialized
2026-02-09 21:56:05 - INFO - Scheduler started
2026-02-09 21:56:05 - WARNING - ESP32 not connected - skipping startup sync
2026-02-09 21:56:06 - DEBUG - Switched to panel: dashboard
2026-02-09 21:56:06 - INFO - GUI initialization complete
2026-02-09 21:56:24 - INFO - Smart Sprayer Logger initialized
2026-02-09 21:56:24 - INFO - === Smart Sprayer GUI Started ===
2026-02-09 21:56:24 - INFO - Scheduler initialized
2026-02-09 21:56:24 - INFO - Scheduler started
2026-02-09 21:56:24 - WARNING - ESP32 not connected - skipping startup sync
2026-02-09 21:56:26 - DEBUG - Switched to panel: dashboard
2026-02-09 21:56:26 - INFO - GUI initialization complete
2026-02-09 21:56:36 - INFO - === Shutting down Smart Sprayer ===
2026-02-09 21:56:38 - INFO - Scheduler stopped
2026-02-09 21:56:41 - INFO - === Shutting down Smart Sprayer ===
2026-02-09 21:59:28 - INFO - Smart Sprayer Logger initialized
2026-02-09 21:59:28 - INFO - === Smart Sprayer GUI Started ===
2026-02-09 21:59:28 - INFO - Scheduler initialized
2026-02-09 21:59:28 - INFO - Scheduler started
2026-02-09 21:59:28 - WARNING - ESP32 not connected - skipping startup sync
2026-02-09 21:59:30 - DEBUG - Switched to panel: dashboard
2026-02-09 21:59:30 - INFO - GUI initialization complete
2026-02-09 22:03:08 - INFO - Smart Sprayer Logger initialized
2026-02-09 22:03:08 - INFO - === Smart Sprayer GUI Started ===
2026-02-09 22:03:08 - INFO - Scheduler initialized
2026-02-09 22:03:08 - INFO - Scheduler started
2026-02-09 22:03:08 - WARNING - ESP32 not connected - skipping startup sync
2026-02-09 22:03:09 - DEBUG - Switched to panel: dashboard
2026-02-09 22:03:09 - INFO - GUI initialization complete
2026-02-09 22:06:38 - INFO - Smart Sprayer Logger initialized
2026-02-09 22:06:38 - INFO - === Smart Sprayer GUI Started ===
2026-02-09 22:06:38 - INFO - Scheduler initialized
2026-02-09 22:06:38 - INFO - Scheduler started
2026-02-09 22:06:38 - WARNING - ESP32 not connected - skipping startup sync
2026-02-09 22:06:39 - DEBUG - Switched to panel: dashboard
2026-02-09 22:06:39 - INFO - GUI initialization complete
2026-02-09 22:06:53 - INFO - === Shutting down Smart Sprayer ===
2026-02-09 22:06:55 - INFO - Scheduler stopped
2026-02-09 22:07:04 - INFO - Smart Sprayer Logger initialized
2026-02-09 22:07:04 - INFO - === Smart Sprayer GUI Started ===
2026-02-09 22:07:04 - INFO - Scheduler initialized
2026-02-09 22:07:04 - INFO - Scheduler started
2026-02-09 22:07:04 - WARNING - ESP32 not connected - skipping startup sync
2026-02-09 22:07:05 - DEBUG - Switched to panel: dashboard
2026-02-09 22:07:05 - INFO - GUI initialization complete
2026-02-09 22:11:23 - INFO - Smart Sprayer Logger initialized
2026-02-09 22:11:23 - INFO - === Smart Sprayer GUI Started ===
2026-02-09 22:11:23 - INFO - Scheduler initialized
2026-02-09 22:11:23 - INFO - Scheduler started
2026-02-09 22:11:23 - WARNING - ESP32 not connected - skipping startup sync
2026-02-09 22:11:24 - DEBUG - Switched to panel: dashboard
2026-02-09 22:11:24 - INFO - GUI initialization complete
2026-02-09 22:11:36 - INFO - === Shutting down Smart Sprayer ===
2026-02-09 22:11:38 - INFO - Scheduler stopped
2026-02-09 22:11:49 - INFO - Smart Sprayer Logger initialized
2026-02-09 22:11:49 - INFO - === Smart Sprayer GUI Started ===
2026-02-09 22:11:49 - INFO - Scheduler initialized
2026-02-09 22:11:49 - INFO - Scheduler started
2026-02-09 22:11:49 - WARNING - ESP32 not connected - skipping startup sync
2026-02-09 22:11:50 - DEBUG - Switched to panel: dashboard
2026-02-09 22:11:50 - INFO - GUI initialization complete
2026-02-09 22:12:06 - INFO - Smart Sprayer Logger initialized
2026-02-09 22:12:06 - INFO - === Smart Sprayer GUI Started ===
2026-02-09 22:12:06 - INFO - Scheduler initialized
2026-02-09 22:12:06 - INFO - Scheduler started
2026-02-09 22:12:06 - WARNING - ESP32 not connected - skipping startup sync
2026-02-09 22:12:07 - DEBUG - Switched to panel: dashboard
2026-02-09 22:12:07 - INFO - GUI initialization complete
2026-02-09 22:14:47 - INFO - Smart Sprayer Logger initialized
2026-02-09 22:14:47 - INFO - === Smart Sprayer GUI Started ===
2026-02-09 22:14:47 - INFO - Scheduler initialized
2026-02-09 22:14:47 - INFO - Scheduler started
2026-02-09 22:14:47 - WARNING - ESP32 not connected - skipping startup sync
2026-02-09 22:14:48 - DEBUG - Switched to panel: dashboard
2026-02-09 22:14:48 - INFO - GUI initialization complete
2026-02-09 22:16:02 - INFO - Smart Sprayer Logger initialized
2026-02-09 22:16:02 - INFO - === Smart Sprayer GUI Started ===
2026-02-09 22:16:02 - INFO - Scheduler initialized
2026-02-09 22:16:02 - INFO - Scheduler started
2026-02-09 22:16:02 - WARNING - ESP32 not connected - skipping startup sync
2026-02-09 22:16:03 - DEBUG - Switched to panel: dashboard
2026-02-09 22:16:03 - INFO - GUI initialization complete
2026-02-09 22:18:57 - INFO - Smart Sprayer Logger initialized
2026-02-09 22:18:57 - INFO - === Smart Sprayer GUI Started ===
2026-02-09 22:18:57 - INFO - Scheduler initialized
2026-02-09 22:18:57 - INFO - Scheduler started
2026-02-09 22:18:57 - WARNING - ESP32 not connected - skipping startup sync
2026-02-09 22:18:58 - DEBUG - Switched to panel: dashboard
2026-02-09 22:18:58 - INFO - GUI initialization complete
2026-02-09 22:19:08 - INFO - === Shutting down Smart Sprayer ===
2026-02-09 22:19:10 - INFO - Scheduler stopped
2026-02-09 22:19:20 - INFO - Smart Sprayer Logger initialized
2026-02-09 22:19:20 - INFO - === Smart Sprayer GUI Started ===
2026-02-09 22:19:20 - INFO - Scheduler initialized
2026-02-09 22:19:20 - INFO - Scheduler started
2026-02-09 22:19:20 - WARNING - ESP32 not connected - skipping startup sync
2026-02-09 22:19:21 - DEBUG - Switched to panel: dashboard
2026-02-09 22:19:21 - INFO - GUI initialization complete
2026-02-09 22:34:23 - INFO - Smart Sprayer Logger initialized
2026-02-09 22:34:23 - INFO - === Smart Sprayer GUI Started ===
2026-02-09 22:34:23 - INFO - Scheduler initialized
2026-02-09 22:34:23 - INFO - Scheduler started
2026-02-09 22:34:23 - WARNING - ESP32 not connected - skipping startup sync
2026-02-09 22:34:24 - DEBUG - Switched to panel: dashboard
2026-02-09 22:34:24 - INFO - GUI initialization complete
2026-02-09 22:34:50 - INFO - === Shutting down Smart Sprayer ===
2026-02-09 22:34:52 - INFO - Scheduler stopped
2026-02-09 22:35:03 - INFO - Smart Sprayer Logger initialized
2026-02-09 22:35:03 - INFO - === Smart Sprayer GUI Started ===
2026-02-09 22:35:03 - INFO - Scheduler initialized
2026-02-09 22:35:03 - INFO - Scheduler started
2026-02-09 22:35:03 - WARNING - ESP32 not connected - skipping startup sync
2026-02-09 22:35:04 - DEBUG - Switched to panel: dashboard
2026-02-09 22:35:04 - INFO - GUI initialization complete
2026-02-09 22:35:21 - INFO - Smart Sprayer Logger initialized
2026-02-09 22:35:21 - INFO - === Smart Sprayer GUI Started ===
2026-02-09 22:35:21 - INFO - Scheduler initialized
2026-02-09 22:35:21 - INFO - Scheduler started
2026-02-09 22:35:21 - WARNING - ESP32 not connected - skipping startup sync
2026-02-09 22:35:23 - DEBUG - Switched to panel: dashboard
2026-02-09 22:35:23 - INFO - GUI initialization complete
2026-02-09 22:35:35 - DEBUG - Switched to panel: scheduling
2026-02-09 22:35:37 - DEBUG - Switched to panel: dashboard
2026-02-09 22:35:44 - DEBUG - Switched to panel: previous_data
2026-02-09 22:35:46 - DEBUG - Switched to panel: scheduling
2026-02-09 22:35:47 - DEBUG - Switched to panel: dashboard
2026-02-09 22:35:48 - DEBUG - Switched to panel: scheduling
2026-02-09 22:37:15 - DEBUG - Switched to panel: dashboard
2026-02-09 22:37:57 - DEBUG - Switched to panel: scheduling
2026-02-09 22:38:26 - INFO - Smart Sprayer Logger initialized
2026-02-09 22:38:26 - INFO - === Smart Sprayer GUI Started ===
2026-02-09 22:38:26 - INFO - Scheduler initialized
2026-02-09 22:38:26 - INFO - Scheduler started
2026-02-09 22:38:26 - WARNING - ESP32 not connected - skipping startup sync
2026-02-09 22:38:27 - DEBUG - Switched to panel: dashboard
2026-02-09 22:38:27 - INFO - GUI initialization complete
2026-02-09 22:38:28 - DEBUG - Switched to panel: scheduling
2026-02-09 22:38:39 - INFO - SCHEDULE CREATED - Date: 2026-02-09, Time: 08:05, Type: Fertilizer, Container: Container 1
2026-02-09 22:39:02 - DEBUG - Switched to panel: previous_data
2026-02-09 22:39:06 - DEBUG - Switched to panel: scheduling
2026-02-09 22:40:03 - INFO - Smart Sprayer Logger initialized
2026-02-09 22:40:03 - INFO - === Smart Sprayer GUI Started ===
2026-02-09 22:40:03 - INFO - Scheduler initialized
2026-02-09 22:40:03 - INFO - Scheduler started
2026-02-09 22:40:03 - WARNING - ESP32 not connected - skipping startup sync
2026-02-09 22:40:04 - DEBUG - Switched to panel: dashboard
2026-02-09 22:40:04 - INFO - GUI initialization complete
2026-02-09 22:40:08 - DEBUG - Switched to panel: scheduling
2026-02-09 22:40:11 - DEBUG - Switched to panel: dashboard
2026-02-09 22:40:12 - DEBUG - Switched to panel: scheduling
2026-02-09 22:40:12 - DEBUG - Switched to panel: dashboard
2026-02-09 22:40:13 - DEBUG - Switched to panel: scheduling
2026-02-09 22:40:14 - DEBUG - Switched to panel: dashboard
2026-02-09 22:40:23 - DEBUG - Switched to panel: scheduling
2026-02-10 07:36:50 - INFO - Smart Sprayer Logger initialized
2026-02-10 07:36:50 - INFO - === Smart Sprayer GUI Started ===
2026-02-10 07:36:50 - INFO - Scheduler initialized
2026-02-10 07:36:50 - INFO - Scheduler started
2026-02-10 07:36:50 - WARNING - ESP32 not connected - skipping startup sync
2026-02-10 07:36:56 - DEBUG - Switched to panel: dashboard
2026-02-10 07:36:56 - INFO - GUI initialization complete
2026-02-10 08:11:42 - INFO - Smart Sprayer Logger initialized
2026-02-10 08:11:42 - INFO - === Smart Sprayer GUI Started ===
2026-02-10 08:11:42 - INFO - Scheduler initialized
2026-02-10 08:11:42 - INFO - Scheduler started
2026-02-10 08:11:42 - WARNING - ESP32 not connected - skipping startup sync
2026-02-10 08:11:45 - DEBUG - Switched to panel: dashboard
2026-02-10 08:11:45 - INFO - GUI initialization complete
2026-02-10 08:12:02 - DEBUG - Switched to panel: scheduling
2026-02-10 08:12:03 - DEBUG - Switched to panel: previous_data
2026-02-10 08:12:04 - DEBUG - Switched to panel: dashboard
2026-02-10 08:13:24 - INFO - Smart Sprayer Logger initialized
2026-02-10 08:13:24 - INFO - Scheduler initialized
2026-02-10 08:13:24 - INFO - Scheduler started
2026-02-10 08:15:05 - INFO - Smart Sprayer Logger initialized
2026-02-10 08:15:05 - INFO - Scheduler initialized
2026-02-10 08:15:05 - INFO - Scheduler started
2026-02-10 08:16:54 - INFO - Smart Sprayer Logger initialized
2026-02-10 08:16:54 - INFO - Scheduler initialized
2026-02-10 08:16:54 - INFO - Scheduler started
2026-02-10 08:19:13 - INFO - Smart Sprayer Logger initialized
2026-02-10 08:19:13 - INFO - Scheduler initialized
2026-02-10 08:19:13 - INFO - Scheduler started
2026-02-10 08:21:32 - INFO - Smart Sprayer Logger initialized
2026-02-10 08:21:33 - INFO - Scheduler initialized
2026-02-10 08:21:33 - INFO - Scheduler started
2026-02-10 08:22:07 - INFO - Smart Sprayer Logger initialized
2026-02-10 08:22:08 - INFO - Scheduler initialized
2026-02-10 08:22:08 - INFO - Scheduler started
2026-02-10 08:26:30 - INFO - Smart Sprayer Logger initialized
2026-02-10 08:26:30 - INFO - Scheduler initialized
2026-02-10 08:26:30 - INFO - Scheduler started
2026-02-10 08:26:45 - INFO - Smart Sprayer Logger initialized
2026-02-10 08:26:45 - INFO - Scheduler initialized
2026-02-10 08:26:45 - INFO - Scheduler started
2026-02-10 08:33:09 - INFO - Smart Sprayer Logger initialized
2026-02-10 08:33:09 - INFO - === Sprayer System GUI Started ===
2026-02-10 08:33:09 - INFO - Scheduler initialized
2026-02-10 08:33:09 - INFO - Scheduler started
2026-02-10 08:34:33 - INFO - Smart Sprayer Logger initialized
2026-02-10 08:34:33 - INFO - === Smart Sprayer GUI Started ===
2026-02-10 08:34:33 - INFO - Scheduler initialized
2026-02-10 08:34:33 - INFO - Scheduler started
2026-02-10 08:34:33 - WARNING - ESP32 not connected - skipping startup sync
2026-02-10 08:34:34 - DEBUG - Switched to panel: dashboard
2026-02-10 08:34:34 - INFO - GUI initialization complete
2026-02-10 08:34:35 - DEBUG - Switched to panel: scheduling
2026-02-10 08:34:36 - DEBUG - Switched to panel: previous_data
2026-02-10 08:36:28 - INFO - Smart Sprayer Logger initialized
2026-02-10 08:36:28 - INFO - === Smart Sprayer GUI Started ===
2026-02-10 08:36:28 - INFO - Scheduler initialized
2026-02-10 08:36:28 - INFO - Scheduler started
2026-02-10 08:36:28 - WARNING - ESP32 not connected - skipping startup sync
2026-02-10 08:36:29 - DEBUG - Switched to panel: dashboard
2026-02-10 08:36:29 - INFO - GUI initialization complete
2026-02-10 08:36:33 - DEBUG - Switched to panel: scheduling
2026-02-10 08:36:34 - DEBUG - Switched to panel: dashboard
2026-02-10 08:36:51 - INFO - Smart Sprayer Logger initialized
2026-02-10 08:36:51 - INFO - === Sprayer System GUI Started ===
2026-02-10 08:36:51 - INFO - Scheduler initialized
2026-02-10 08:36:51 - INFO - Scheduler started
2026-02-10 08:37:27 - INFO - Smart Sprayer Logger initialized
2026-02-10 08:37:27 - INFO - === Sprayer System GUI Started ===
2026-02-10 08:37:27 - INFO - Scheduler initialized
2026-02-10 08:37:27 - INFO - Scheduler started
2026-02-10 08:37:28 - DEBUG - Switched to panel: dashboard
2026-02-10 08:37:30 - DEBUG - Switched to panel: scheduling
2026-02-10 08:37:31 - DEBUG - Switched to panel: previous_data
2026-02-10 08:37:32 - DEBUG - Switched to panel: notifications
2026-02-10 08:37:34 - DEBUG - Switched to panel: settings
2026-02-10 08:37:35 - DEBUG - Switched to panel: notifications
2026-02-10 08:37:35 - DEBUG - Switched to panel: previous_data
2026-02-10 08:37:36 - DEBUG - Switched to panel: scheduling
2026-02-10 08:37:37 - DEBUG - Switched to panel: dashboard
2026-02-10 08:39:09 - INFO - Smart Sprayer Logger initialized
2026-02-10 08:39:09 - INFO - Scheduler initialized
2026-02-10 08:39:09 - INFO - Scheduler started
2026-02-10 08:40:45 - INFO - Smart Sprayer Logger initialized
2026-02-10 08:40:45 - INFO - Scheduler initialized
2026-02-10 08:40:45 - INFO - Scheduler started
2026-02-10 08:42:45 - INFO - Smart Sprayer Logger initialized
2026-02-10 08:42:45 - INFO - Scheduler initialized
2026-02-10 08:42:45 - INFO - Scheduler started
2026-02-10 08:45:09 - INFO - Smart Sprayer Logger initialized
2026-02-10 08:45:09 - INFO - Scheduler initialized
2026-02-10 08:45:09 - INFO - Scheduler started
2026-02-10 08:46:55 - INFO - Smart Sprayer Logger initialized
2026-02-10 08:46:55 - INFO - Scheduler initialized
2026-02-10 08:46:55 - INFO - Scheduler started
2026-02-10 08:48:43 - INFO - Smart Sprayer Logger initialized
2026-02-10 08:48:43 - INFO - Scheduler initialized
2026-02-10 08:48:43 - INFO - Scheduler started
2026-02-10 08:50:32 - INFO - Smart Sprayer Logger initialized
2026-02-10 08:50:32 - INFO - Scheduler initialized
2026-02-10 08:50:32 - INFO - Scheduler started
2026-02-10 08:52:32 - INFO - Smart Sprayer Logger initialized
2026-02-10 08:52:32 - INFO - Scheduler initialized
2026-02-10 08:52:32 - INFO - Scheduler started
2026-02-10 08:53:58 - INFO - Smart Sprayer Logger initialized
2026-02-10 08:53:58 - INFO - Scheduler initialized
2026-02-10 08:53:58 - INFO - Scheduler started
2026-02-10 08:54:27 - INFO - Smart Sprayer Logger initialized
2026-02-10 08:54:27 - INFO - Scheduler initialized
2026-02-10 08:54:27 - INFO - Scheduler started
2026-02-10 08:54:38 - INFO - Smart Sprayer Logger initialized
2026-02-10 08:54:38 - INFO - Scheduler initialized
2026-02-10 08:54:38 - INFO - Scheduler started
2026-02-10 08:54:58 - INFO - Smart Sprayer Logger initialized
2026-02-10 08:54:58 - INFO - Scheduler initialized
2026-02-10 08:54:58 - INFO - Scheduler started
2026-02-10 08:55:16 - INFO - Smart Sprayer Logger initialized
2026-02-10 08:55:16 - INFO - Scheduler initialized
2026-02-10 08:55:16 - INFO - Scheduler started
2026-02-10 08:55:29 - INFO - Smart Sprayer Logger initialized
2026-02-10 08:55:29 - INFO - Scheduler initialized
2026-02-10 08:55:29 - INFO - Scheduler started
2026-02-10 08:55:52 - INFO - Smart Sprayer Logger initialized
2026-02-10 08:55:52 - INFO - Scheduler initialized
2026-02-10 08:55:52 - INFO - Scheduler started
2026-02-10 08:56:01 - INFO - Scheduler stopped
2026-02-10 08:56:11 - INFO - Smart Sprayer Logger initialized
2026-02-10 08:56:11 - INFO - Scheduler initialized
2026-02-10 08:56:11 - INFO - Scheduler started
2026-02-10 08:56:30 - INFO - Smart Sprayer Logger initialized
2026-02-10 08:56:30 - INFO - Scheduler initialized
2026-02-10 08:56:30 - INFO - Scheduler started
2026-02-10 08:59:00 - INFO - Smart Sprayer Logger initialized
2026-02-10 08:59:00 - INFO - Scheduler initialized
2026-02-10 08:59:00 - INFO - Scheduler started
2026-02-10 08:59:35 - INFO - Smart Sprayer Logger initialized
2026-02-10 08:59:35 - INFO - Scheduler initialized
2026-02-10 08:59:35 - INFO - Scheduler started
2026-02-10 09:00:45 - INFO - Scheduler stopped
2026-02-10 09:00:54 - INFO - Smart Sprayer Logger initialized
2026-02-10 09:00:54 - INFO - Scheduler initialized
2026-02-10 09:00:54 - INFO - Scheduler started
2026-02-10 09:03:37 - INFO - Smart Sprayer Logger initialized
2026-02-10 09:03:37 - INFO - Scheduler initialized
2026-02-10 09:03:37 - INFO - Scheduler started
2026-02-10 09:07:07 - INFO - Smart Sprayer Logger initialized
2026-02-10 09:07:07 - INFO - Scheduler initialized
2026-02-10 09:07:07 - INFO - Scheduler started
2026-02-10 09:09:46 - INFO - Smart Sprayer Logger initialized
2026-02-10 09:09:46 - INFO - Scheduler initialized
2026-02-10 09:09:46 - INFO - Scheduler started
2026-02-10 09:12:07 - INFO - Smart Sprayer Logger initialized
2026-02-10 09:12:07 - INFO - Scheduler initialized
2026-02-10 09:12:07 - INFO - Scheduler started
2026-02-10 09:15:06 - INFO - Smart Sprayer Logger initialized
2026-02-10 09:15:06 - INFO - Scheduler initialized
2026-02-10 09:15:06 - INFO - Scheduler started
2026-02-10 09:17:39 - INFO - Smart Sprayer Logger initialized
2026-02-10 09:17:39 - INFO - Scheduler initialized
2026-02-10 09:17:39 - INFO - Scheduler started
2026-02-10 09:19:29 - INFO - Smart Sprayer Logger initialized
2026-02-10 09:19:29 - INFO - Scheduler initialized
2026-02-10 09:19:29 - INFO - Scheduler started
2026-02-10 09:21:38 - INFO - Smart Sprayer Logger initialized
2026-02-10 09:21:38 - INFO - Scheduler initialized
2026-02-10 09:21:38 - INFO - Scheduler started
2026-02-10 09:22:51 - INFO - Smart Sprayer Logger initialized
2026-02-10 09:22:51 - INFO - Scheduler initialized
2026-02-10 09:22:51 - INFO - Scheduler started
2026-02-10 09:25:50 - INFO - Smart Sprayer Logger initialized
2026-02-10 09:25:50 - INFO - Scheduler initialized
2026-02-10 09:25:50 - INFO - Scheduler started
2026-02-10 09:26:51 - INFO - Smart Sprayer Logger initialized
2026-02-10 09:26:51 - INFO - Scheduler initialized
2026-02-10 09:26:51 - INFO - Scheduler started
2026-02-10 09:29:05 - INFO - Smart Sprayer Logger initialized
2026-02-10 09:29:05 - INFO - Scheduler initialized
2026-02-10 09:29:05 - INFO - Scheduler started
2026-02-10 09:34:21 - INFO - Smart Sprayer Logger initialized
2026-02-10 09:34:21 - INFO - Scheduler initialized
2026-02-10 09:34:21 - INFO - Scheduler started
2026-02-10 09:35:53 - INFO - Smart Sprayer Logger initialized
2026-02-10 09:35:53 - INFO - Scheduler initialized
2026-02-10 09:35:53 - INFO - Scheduler started
2026-02-10 09:37:07 - INFO - Smart Sprayer Logger initialized
2026-02-10 09:37:07 - INFO - Scheduler initialized
2026-02-10 09:37:07 - INFO - Scheduler started
2026-02-10 09:37:49 - INFO - Smart Sprayer Logger initialized
2026-02-10 09:37:49 - INFO - Scheduler initialized
2026-02-10 09:37:49 - INFO - Scheduler started
2026-02-10 09:38:52 - INFO - Smart Sprayer Logger initialized
2026-02-10 09:38:52 - INFO - Scheduler initialized
2026-02-10 09:38:52 - INFO - Scheduler started
2026-02-10 09:40:03 - INFO - Smart Sprayer Logger initialized
2026-02-10 09:40:03 - INFO - Scheduler initialized
2026-02-10 09:40:03 - INFO - Scheduler started
2026-02-10 09:41:24 - INFO - Smart Sprayer Logger initialized
2026-02-10 09:41:24 - INFO - Scheduler initialized
2026-02-10 09:41:24 - INFO - Scheduler started
2026-02-10 09:42:59 - INFO - Smart Sprayer Logger initialized
2026-02-10 09:42:59 - INFO - Scheduler initialized
2026-02-10 09:42:59 - INFO - Scheduler started
2026-02-10 09:43:57 - INFO - Smart Sprayer Logger initialized
2026-02-10 09:43:57 - INFO - Scheduler initialized
2026-02-10 09:43:57 - INFO - Scheduler started
2026-02-10 09:46:54 - INFO - Smart Sprayer Logger initialized
2026-02-10 09:46:54 - INFO - Scheduler initialized
2026-02-10 09:46:54 - INFO - Scheduler started
2026-02-10 09:53:42 - INFO - Smart Sprayer Logger initialized
2026-02-10 09:53:42 - INFO - Scheduler initialized
2026-02-10 09:53:42 - INFO - Scheduler started
2026-02-10 09:54:12 - INFO - Smart Sprayer Logger initialized
2026-02-10 09:54:12 - INFO - Scheduler initialized
2026-02-10 09:54:12 - INFO - Scheduler started
2026-02-10 09:56:43 - INFO - Smart Sprayer Logger initialized
2026-02-10 09:56:43 - INFO - Scheduler initialized
2026-02-10 09:56:43 - INFO - Scheduler started
2026-02-10 09:59:21 - INFO - Smart Sprayer Logger initialized
2026-02-10 09:59:21 - INFO - Scheduler initialized
2026-02-10 09:59:21 - INFO - Scheduler started
2026-02-10 10:03:46 - INFO - Smart Sprayer Logger initialized
2026-02-10 10:03:46 - INFO - Scheduler initialized
2026-02-10 10:03:46 - INFO - Scheduler started
2026-02-10 10:05:50 - INFO - Smart Sprayer Logger initialized
2026-02-10 10:05:50 - INFO - Scheduler initialized
2026-02-10 10:05:50 - INFO - Scheduler started
2026-02-10 10:08:23 - INFO - Smart Sprayer Logger initialized
2026-02-10 10:08:23 - INFO - Scheduler initialized
2026-02-10 10:08:23 - INFO - Scheduler started
2026-02-10 10:11:37 - INFO - Smart Sprayer Logger initialized
2026-02-10 10:11:37 - INFO - Scheduler initialized
2026-02-10 10:11:37 - INFO - Scheduler started
2026-02-10 10:17:16 - INFO - Smart Sprayer Logger initialized
2026-02-10 10:17:16 - INFO - Scheduler initialized
2026-02-10 10:17:16 - INFO - Scheduler started
2026-02-10 10:17:43 - INFO - Smart Sprayer Logger initialized
2026-02-10 10:17:43 - INFO - Scheduler initialized
2026-02-10 10:17:43 - INFO - Scheduler started
2026-02-10 10:19:58 - INFO - Smart Sprayer Logger initialized
2026-02-10 10:19:58 - INFO - Scheduler initialized
2026-02-10 10:19:58 - INFO - Scheduler started
2026-02-10 10:21:17 - INFO - Smart Sprayer Logger initialized
2026-02-10 10:21:17 - INFO - Scheduler initialized
2026-02-10 10:21:17 - INFO - Scheduler started
2026-02-10 10:23:02 - INFO - Smart Sprayer Logger initialized
2026-02-10 10:23:02 - INFO - Scheduler initialized
2026-02-10 10:23:02 - INFO - Scheduler started
2026-02-10 10:25:03 - INFO - Smart Sprayer Logger initialized
2026-02-10 10:25:03 - INFO - Scheduler initialized
2026-02-10 10:25:03 - INFO - Scheduler started
2026-02-10 10:30:29 - INFO - Smart Sprayer Logger initialized
2026-02-10 10:30:29 - INFO - Scheduler initialized
2026-02-10 10:30:29 - INFO - Scheduler started
2026-02-10 10:31:44 - INFO - Smart Sprayer Logger initialized
2026-02-10 10:31:44 - INFO - Scheduler initialized
2026-02-10 10:31:44 - INFO - Scheduler started
2026-02-10 10:32:45 - INFO - Smart Sprayer Logger initialized
2026-02-10 10:32:45 - INFO - Scheduler initialized
2026-02-10 10:32:45 - INFO - Scheduler started
2026-02-10 10:35:28 - INFO - Smart Sprayer Logger initialized
2026-02-10 10:35:28 - INFO - Scheduler initialized
2026-02-10 10:35:28 - INFO - Scheduler started
2026-02-10 10:37:18 - INFO - Smart Sprayer Logger initialized
2026-02-10 10:37:18 - INFO - Scheduler initialized
2026-02-10 10:37:18 - INFO - Scheduler started
2026-02-10 10:37:45 - INFO - Smart Sprayer Logger initialized
2026-02-10 10:37:45 - INFO - Scheduler initialized
2026-02-10 10:37:45 - INFO - Scheduler started
2026-02-10 10:38:29 - INFO - Smart Sprayer Logger initialized
2026-02-10 10:38:29 - INFO - Scheduler initialized
2026-02-10 10:38:29 - INFO - Scheduler started
2026-02-10 10:40:10 - INFO - Smart Sprayer Logger initialized
2026-02-10 10:40:10 - INFO - Scheduler initialized
2026-02-10 10:40:10 - INFO - Scheduler started
2026-02-10 10:43:08 - INFO - Smart Sprayer Logger initialized
2026-02-10 10:43:08 - INFO - Scheduler initialized
2026-02-10 10:43:08 - INFO - Scheduler started
2026-02-10 10:45:33 - INFO - Smart Sprayer Logger initialized
2026-02-10 10:45:34 - INFO - Scheduler initialized
2026-02-10 10:45:34 - INFO - Scheduler started
2026-02-10 10:48:10 - INFO - Smart Sprayer Logger initialized
2026-02-10 10:48:10 - INFO - Scheduler initialized
2026-02-10 10:48:10 - INFO - Scheduler started
2026-02-10 10:49:31 - INFO - Smart Sprayer Logger initialized
2026-02-10 10:49:31 - INFO - Scheduler initialized
2026-02-10 10:49:31 - INFO - Scheduler started
2026-02-10 10:53:07 - INFO - Smart Sprayer Logger initialized
2026-02-10 10:53:07 - INFO - Scheduler initialized
2026-02-10 10:53:07 - INFO - Scheduler started
2026-02-10 10:56:05 - INFO - Smart Sprayer Logger initialized
2026-02-10 10:56:05 - INFO - Scheduler initialized
2026-02-10 10:56:05 - INFO - Scheduler started
2026-02-10 11:03:10 - INFO - Smart Sprayer Logger initialized
2026-02-10 11:03:10 - INFO - Scheduler initialized
2026-02-10 11:03:10 - INFO - Scheduler started
2026-02-10 11:05:04 - INFO - Smart Sprayer Logger initialized
2026-02-10 11:05:04 - INFO - Scheduler initialized
2026-02-10 11:05:04 - INFO - Scheduler started
2026-02-10 11:06:26 - INFO - Smart Sprayer Logger initialized
2026-02-10 11:06:26 - INFO - Scheduler initialized
2026-02-10 11:06:26 - INFO - Scheduler started
2026-02-10 11:08:58 - INFO - Smart Sprayer Logger initialized
2026-02-10 11:08:58 - INFO - Scheduler initialized
2026-02-10 11:08:58 - INFO - Scheduler started
2026-02-10 11:12:41 - INFO - Smart Sprayer Logger initialized
2026-02-10 11:12:41 - INFO - Scheduler initialized
2026-02-10 11:12:41 - INFO - Scheduler started
2026-02-10 11:19:13 - INFO - Smart Sprayer Logger initialized
2026-02-10 11:19:13 - INFO - Scheduler initialized
2026-02-10 11:19:13 - INFO - Scheduler started
2026-02-10 11:19:38 - INFO - Smart Sprayer Logger initialized
2026-02-10 11:19:38 - INFO - Scheduler initialized
2026-02-10 11:19:38 - INFO - Scheduler started
2026-02-10 11:21:19 - INFO - Smart Sprayer Logger initialized
2026-02-10 11:21:19 - INFO - Scheduler initialized
2026-02-10 11:21:19 - INFO - Scheduler started
2026-02-10 11:24:43 - INFO - Smart Sprayer Logger initialized
2026-02-10 11:24:43 - INFO - Scheduler initialized
2026-02-10 11:24:43 - INFO - Scheduler started
2026-02-10 11:25:11 - INFO - Smart Sprayer Logger initialized
2026-02-10 11:25:11 - INFO - Scheduler initialized
2026-02-10 11:25:11 - INFO - Scheduler started
2026-02-10 11:27:43 - INFO - Smart Sprayer Logger initialized
2026-02-10 11:27:43 - INFO - Scheduler initialized
2026-02-10 11:27:43 - INFO - Scheduler started
2026-02-10 11:28:20 - INFO - Smart Sprayer Logger initialized
2026-02-10 11:28:20 - INFO - Scheduler initialized
2026-02-10 11:28:20 - INFO - Scheduler started
2026-02-10 11:33:51 - INFO - Smart Sprayer Logger initialized
2026-02-10 11:33:51 - INFO - Scheduler initialized
2026-02-10 11:33:51 - INFO - Scheduler started
2026-02-10 11:37:01 - INFO - Smart Sprayer Logger initialized
2026-02-10 11:37:01 - INFO - Scheduler initialized
2026-02-10 11:37:01 - INFO - Scheduler started
2026-02-10 11:39:26 - INFO - Smart Sprayer Logger initialized
2026-02-10 11:39:26 - INFO - Scheduler initialized
2026-02-10 11:39:26 - INFO - Scheduler started
2026-02-10 11:44:40 - INFO - Smart Sprayer Logger initialized
2026-02-10 11:44:40 - INFO - Scheduler initialized
2026-02-10 11:44:40 - INFO - Scheduler started
2026-02-10 11:49:27 - INFO - Smart Sprayer Logger initialized
2026-02-10 11:49:27 - INFO - Scheduler initialized
2026-02-10 11:49:27 - INFO - Scheduler started
2026-02-10 11:52:51 - INFO - Smart Sprayer Logger initialized
2026-02-10 11:52:51 - INFO - Scheduler initialized
2026-02-10 11:52:51 - INFO - Scheduler started
2026-02-10 11:55:36 - INFO - Smart Sprayer Logger initialized
2026-02-10 11:55:36 - INFO - Scheduler initialized
2026-02-10 11:55:36 - INFO - Scheduler started
2026-02-10 11:57:49 - INFO - Smart Sprayer Logger initialized
2026-02-10 11:57:49 - INFO - Scheduler initialized
2026-02-10 11:57:49 - INFO - Scheduler started
2026-02-10 12:00:22 - INFO - Smart Sprayer Logger initialized
2026-02-10 12:00:22 - INFO - Scheduler initialized
2026-02-10 12:00:22 - INFO - Scheduler started
2026-02-10 12:03:22 - INFO - Smart Sprayer Logger initialized
2026-02-10 12:03:22 - INFO - Scheduler initialized
2026-02-10 12:03:22 - INFO - Scheduler started
2026-02-10 12:07:26 - INFO - Smart Sprayer Logger initialized
2026-02-10 12:07:26 - INFO - Scheduler initialized
2026-02-10 12:07:26 - INFO - Scheduler started
2026-02-10 12:09:46 - INFO - Smart Sprayer Logger initialized
2026-02-10 12:09:46 - INFO - Scheduler initialized
2026-02-10 12:09:46 - INFO - Scheduler started
2026-02-10 12:13:45 - INFO - Smart Sprayer Logger initialized
2026-02-10 12:13:45 - INFO - Scheduler initialized
2026-02-10 12:13:45 - INFO - Scheduler started
2026-02-10 12:18:19 - INFO - Smart Sprayer Logger initialized
2026-02-10 12:18:19 - INFO - Scheduler initialized
2026-02-10 12:18:19 - INFO - Scheduler started
2026-02-10 12:22:07 - INFO - Smart Sprayer Logger initialized
2026-02-10 12:22:07 - INFO - Scheduler initialized
2026-02-10 12:22:07 - INFO - Scheduler started
2026-02-10 12:24:14 - INFO - Smart Sprayer Logger initialized
2026-02-10 12:24:15 - INFO - Scheduler initialized
2026-02-10 12:24:15 - INFO - Scheduler started
2026-02-10 12:25:54 - INFO - Smart Sprayer Logger initialized
2026-02-10 12:25:54 - INFO - Scheduler initialized
2026-02-10 12:25:54 - INFO - Scheduler started
2026-02-10 12:29:25 - INFO - Smart Sprayer Logger initialized
2026-02-10 12:29:25 - INFO - Scheduler initialized
2026-02-10 12:29:25 - INFO - Scheduler started
2026-02-10 12:33:08 - INFO - Smart Sprayer Logger initialized
2026-02-10 12:33:08 - INFO - Scheduler initialized
2026-02-10 12:33:08 - INFO - Scheduler started
2026-02-10 12:36:52 - INFO - Smart Sprayer Logger initialized
2026-02-10 12:36:52 - INFO - Scheduler initialized
2026-02-10 12:36:52 - INFO - Scheduler started
2026-02-10 12:38:54 - INFO - Smart Sprayer Logger initialized
2026-02-10 12:38:54 - INFO - Scheduler initialized
2026-02-10 12:38:54 - INFO - Scheduler started
2026-02-10 12:43:18 - INFO - Smart Sprayer Logger initialized
2026-02-10 12:43:18 - INFO - Scheduler initialized
2026-02-10 12:43:18 - INFO - Scheduler started
2026-02-10 12:47:23 - INFO - Smart Sprayer Logger initialized
2026-02-10 12:47:23 - INFO - Scheduler initialized
2026-02-10 12:47:23 - INFO - Scheduler started
2026-02-10 12:50:52 - INFO - Smart Sprayer Logger initialized
2026-02-10 12:50:52 - INFO - Scheduler initialized
2026-02-10 12:50:52 - INFO - Scheduler started
2026-02-10 12:53:16 - INFO - Smart Sprayer Logger initialized
2026-02-10 12:53:16 - INFO - Scheduler initialized
2026-02-10 12:53:16 - INFO - Scheduler started
2026-02-10 12:54:14 - INFO - Smart Sprayer Logger initialized
2026-02-10 12:54:14 - INFO - Scheduler initialized
2026-02-10 12:54:14 - INFO - Scheduler started
2026-02-10 12:54:37 - INFO - Smart Sprayer Logger initialized
2026-02-10 12:54:37 - INFO - Scheduler initialized
2026-02-10 12:54:37 - INFO - Scheduler started
2026-02-10 13:00:17 - INFO - Smart Sprayer Logger initialized
2026-02-10 13:00:17 - INFO - Scheduler initialized
2026-02-10 13:00:17 - INFO - Scheduler started
2026-02-10 13:00:52 - INFO - Smart Sprayer Logger initialized
2026-02-10 13:00:52 - INFO - Scheduler initialized
2026-02-10 13:00:52 - INFO - Scheduler started
2026-02-10 13:09:32 - INFO - Smart Sprayer Logger initialized
2026-02-10 13:09:32 - INFO - Scheduler initialized
2026-02-10 13:09:32 - INFO - Scheduler started
2026-02-10 13:11:34 - INFO - Smart Sprayer Logger initialized
2026-02-10 13:11:34 - INFO - Scheduler initialized
2026-02-10 13:11:34 - INFO - Scheduler started
2026-02-10 13:36:16 - INFO - Smart Sprayer Logger initialized
2026-02-10 13:36:16 - INFO - Scheduler initialized
2026-02-10 13:36:16 - INFO - Scheduler started
2026-02-10 13:36:59 - WARNING - SCHEDULE RESCHEDULED - Old date: 2026-02-09, New date: 2026-02-09, Reschedule count: 1
2026-02-10 13:37:00 - WARNING - SCHEDULE RESCHEDULED - Old date: 2026-02-09, New date: 2026-02-09, Reschedule count: 2
2026-02-10 13:37:02 - WARNING - SCHEDULE CANCELLED - ID: SCH_002, Reason: User cancelled
2026-02-10 13:41:04 - INFO - Smart Sprayer Logger initialized
2026-02-10 13:41:04 - INFO - Scheduler initialized
2026-02-10 13:41:04 - INFO - Scheduler started
2026-02-10 13:41:24 - INFO - Smart Sprayer Logger initialized
2026-02-10 13:41:24 - INFO - Scheduler initialized
2026-02-10 13:41:24 - INFO - Scheduler started
2026-02-10 13:49:31 - INFO - Smart Sprayer Logger initialized
2026-02-10 13:49:31 - INFO - Scheduler initialized
2026-02-10 13:49:31 - INFO - Scheduler started
2026-02-10 13:49:32 - ERROR - SchedulingPanel initialization error: 'SchedulingPanel' object has no attribute '_toggle_recurring'
2026-02-10 13:49:38 - INFO - Scheduler stopped
2026-02-10 13:52:05 - INFO - Smart Sprayer Logger initialized
2026-02-10 13:52:05 - INFO - Scheduler initialized
2026-02-10 13:52:05 - INFO - Scheduler started
2026-02-10 13:54:45 - INFO - Smart Sprayer Logger initialized
2026-02-10 13:54:45 - INFO - Scheduler initialized
2026-02-10 13:54:45 - INFO - Scheduler started
2026-02-10 13:55:59 - INFO - Smart Sprayer Logger initialized
2026-02-10 13:55:59 - INFO - Scheduler initialized
2026-02-10 13:55:59 - INFO - Scheduler started
2026-02-10 13:56:17 - INFO - Smart Sprayer Logger initialized
2026-02-10 13:56:17 - INFO - Scheduler initialized
2026-02-10 13:56:17 - INFO - Scheduler started
2026-02-10 13:58:42 - INFO - Smart Sprayer Logger initialized
2026-02-10 13:58:42 - INFO - Scheduler initialized
2026-02-10 13:58:42 - INFO - Scheduler started
2026-02-10 13:59:00 - INFO - Smart Sprayer Logger initialized
2026-02-10 13:59:00 - INFO - Scheduler initialized
2026-02-10 13:59:00 - INFO - Scheduler started
2026-02-10 13:59:09 - INFO - Scheduler stopped
2026-02-10 14:16:41 - INFO - Smart Sprayer Logger initialized
2026-02-10 14:16:41 - INFO - Scheduler initialized
2026-02-10 14:16:41 - INFO - Scheduler started
2026-02-10 14:20:39 - INFO - Smart Sprayer Logger initialized
2026-02-10 14:20:39 - INFO - Scheduler initialized
2026-02-10 14:20:39 - INFO - Scheduler started
2026-02-10 14:21:36 - INFO - Smart Sprayer Logger initialized
2026-02-10 14:21:36 - INFO - Scheduler initialized
2026-02-10 14:21:36 - INFO - Scheduler started
2026-02-10 14:25:29 - INFO - Smart Sprayer Logger initialized
2026-02-10 14:25:29 - INFO - Scheduler initialized
2026-02-10 14:25:29 - INFO - Scheduler started
2026-02-10 14:25:58 - INFO - SCHEDULE CREATED - Date: 2026-02-10, Time: 14:30, Type: Fertilizer, Container: Container 1
2026-02-10 14:29:27 - INFO - Smart Sprayer Logger initialized
2026-02-10 14:29:27 - INFO - Scheduler initialized
2026-02-10 14:29:27 - INFO - Scheduler started
2026-02-10 14:30:07 - INFO - SPRAY EXECUTED - Date: 2026-02-10, Time: 14:30, Type: Fertilizer, Container: Container 1
2026-02-10 14:30:07 - INFO - Executing spray: Fertilizer using Container 1, 1000.0mL for 12.0 seconds
2026-02-10 14:30:07 - INFO - SPRAY COMPLETED - ID: SCH_003, Duration: 12.0s
2026-02-10 14:31:21 - INFO - Smart Sprayer Logger initialized
2026-02-10 14:31:21 - INFO - Scheduler initialized
2026-02-10 14:31:21 - INFO - Scheduler started
2026-02-10 14:31:33 - INFO - SCHEDULE CREATED - Date: 2026-02-10, Time: 08:00, Type: Fertilizer, Container: Container 1
2026-02-10 14:31:47 - INFO - SCHEDULE CREATED - Date: 2026-02-11, Time: 17:40, Type: Fertilizer, Container: Container 1
2026-02-10 14:34:17 - INFO - Smart Sprayer Logger initialized
2026-02-10 14:34:17 - INFO - Scheduler initialized
2026-02-10 14:34:17 - INFO - Scheduler started
2026-02-10 14:34:53 - WARNING - SCHEDULE RESCHEDULED - Old date: 2026-02-10, New date: 2026-02-10, Reschedule count: 1
2026-02-10 14:36:14 - INFO - Smart Sprayer Logger initialized
2026-02-10 14:36:14 - INFO - Scheduler initialized
2026-02-10 14:36:14 - INFO - Scheduler started
2026-02-10 14:37:46 - INFO - Smart Sprayer Logger initialized
2026-02-10 14:37:46 - INFO - Scheduler initialized
2026-02-10 14:37:46 - INFO - Scheduler started
2026-02-10 14:37:55 - INFO - Scheduler stopped
2026-02-10 14:38:10 - INFO - Smart Sprayer Logger initialized
2026-02-10 14:38:10 - INFO - Scheduler initialized
2026-02-10 14:38:10 - INFO - Scheduler started
2026-02-10 14:38:31 - INFO - Smart Sprayer Logger initialized
2026-02-10 14:38:31 - INFO - Scheduler initialized
2026-02-10 14:38:31 - INFO - Scheduler started
2026-02-10 14:38:57 - WARNING - SCHEDULE CANCELLED - ID: SCH_004, Reason: User cancelled all
2026-02-10 14:38:57 - WARNING - SCHEDULE CANCELLED - ID: SCH_005, Reason: User cancelled all
2026-02-10 14:38:57 - INFO - Cancelled all 2 active schedules
2026-02-10 14:39:11 - INFO - SCHEDULE CREATED - Date: 2026-03-07, Time: 08:00, Type: Fertilizer, Container: Container 1
2026-02-10 14:44:15 - INFO - Smart Sprayer Logger initialized
2026-02-10 14:44:15 - INFO - Scheduler initialized
2026-02-10 14:44:15 - INFO - Scheduler started
2026-02-10 14:44:25 - INFO - SCHEDULE CREATED - Date: 2026-02-10, Time: 08:00, Type: Fertilizer, Container: Container 1
2026-02-10 14:44:38 - INFO - SCHEDULE CREATED - Date: 2026-02-10, Time: 08:00, Type: Fertilizer, Container: Container 1
2026-02-10 14:44:48 - WARNING - SCHEDULE CANCELLED - ID: SCH_007, Reason: User cancelled
2026-02-10 14:44:50 - WARNING - SCHEDULE CANCELLED - ID: SCH_008, Reason: User cancelled
2026-02-10 14:44:53 - WARNING - SCHEDULE RESCHEDULED - Old date: 2026-03-07, New date: 2026-03-07, Reschedule count: 1
2026-02-10 14:45:33 - INFO - Smart Sprayer Logger initialized
2026-02-10 14:45:33 - INFO - Scheduler initialized
2026-02-10 14:45:33 - INFO - Scheduler started
2026-02-10 14:46:36 - INFO - Smart Sprayer Logger initialized
2026-02-10 14:46:36 - INFO - Scheduler initialized
2026-02-10 14:46:36 - INFO - Scheduler started
2026-02-10 14:47:57 - INFO - Smart Sprayer Logger initialized
2026-02-10 14:47:57 - INFO - Scheduler initialized
2026-02-10 14:47:57 - INFO - Scheduler started
2026-02-10 14:50:01 - INFO - Smart Sprayer Logger initialized
2026-02-10 14:50:01 - INFO - Scheduler initialized
2026-02-10 14:50:01 - INFO - Scheduler started
2026-02-10 14:51:46 - INFO - Smart Sprayer Logger initialized
2026-02-10 14:51:46 - INFO - Scheduler initialized
2026-02-10 14:51:46 - INFO - Scheduler started
2026-02-10 14:52:39 - INFO - Smart Sprayer Logger initialized
2026-02-10 14:52:39 - INFO - Scheduler initialized
2026-02-10 14:52:39 - INFO - Scheduler started
2026-02-10 14:58:36 - INFO - Smart Sprayer Logger initialized
2026-02-10 14:58:36 - INFO - Scheduler initialized
2026-02-10 14:58:36 - INFO - Scheduler started
2026-02-10 15:00:08 - INFO - SCHEDULE CREATED - Date: 2026-02-10, Time: 08:00, Type: Fertilizer, Container: Container 1
2026-02-10 15:00:13 - INFO - SCHEDULE CREATED - Date: 2026-02-10, Time: 08:00, Type: Fertilizer, Container: Container 1
2026-02-10 15:00:26 - WARNING - SCHEDULE CANCELLED - ID: SCH_006, Reason: User cancelled all
2026-02-10 15:00:26 - WARNING - SCHEDULE CANCELLED - ID: SCH_009, Reason: User cancelled all
2026-02-10 15:00:26 - WARNING - SCHEDULE CANCELLED - ID: SCH_010, Reason: User cancelled all
2026-02-10 15:00:26 - INFO - Cancelled all 3 active schedules
2026-02-10 15:07:28 - INFO - Smart Sprayer Logger initialized
2026-02-10 15:07:28 - INFO - Scheduler initialized
2026-02-10 15:07:28 - INFO - Scheduler started
2026-02-10 16:27:38 - INFO - SCHEDULE CREATED - Date: 2026-02-10, Time: 16:30, Type: Pesticide, Container: Container 2
2026-02-10 16:28:57 - INFO - Smart Sprayer Logger initialized
2026-02-10 16:28:57 - INFO - Scheduler initialized
2026-02-10 16:28:57 - INFO - Scheduler started
2026-02-10 16:30:07 - INFO - SPRAY EXECUTED - Date: 2026-02-10, Time: 16:30, Type: Pesticide, Container: Container 2
2026-02-10 16:30:07 - INFO - Executing spray: Pesticide using Container 2, 1000.0mL for 12.0 seconds
2026-02-10 16:30:07 - INFO - SPRAY COMPLETED - ID: SCH_011, Duration: 12.0s
2026-02-10 16:31:12 - INFO - Smart Sprayer Logger initialized
2026-02-10 16:31:12 - INFO - Scheduler initialized
2026-02-10 16:31:12 - INFO - Scheduler started
2026-02-10 16:31:13 - ERROR - SchedulingPanel init error: 'SchedulingPanel' object has no attribute '_run_clock'
2026-02-10 16:31:44 - INFO - Smart Sprayer Logger initialized
2026-02-10 16:31:44 - INFO - Scheduler initialized
2026-02-10 16:31:44 - INFO - Scheduler started
2026-02-10 16:31:46 - ERROR - SchedulingPanel init error: 'SchedulingPanel' object has no attribute '_run_clock'
2026-02-10 16:32:05 - INFO - Smart Sprayer Logger initialized
2026-02-10 16:32:05 - INFO - Scheduler initialized
2026-02-10 16:32:05 - INFO - Scheduler started
2026-02-10 16:32:06 - ERROR - SchedulingPanel init error: 'SchedulingPanel' object has no attribute '_run_clock'
2026-02-10 16:35:24 - INFO - Smart Sprayer Logger initialized
2026-02-10 16:35:24 - INFO - Scheduler initialized
2026-02-10 16:35:24 - INFO - Scheduler started
2026-02-10 16:37:31 - INFO - SCHEDULE CREATED - Date: 2026-02-10, Time: 16:40, Type: Fertilizer, Container: Container 1
2026-02-10 16:40:05 - INFO - SPRAY EXECUTED - Date: 2026-02-10, Time: 16:40, Type: Fertilizer, Container: Container 1
2026-02-10 16:40:05 - INFO - Executing spray: Fertilizer using Container 1, 1000.0mL for 12.0 seconds
2026-02-10 16:40:05 - INFO - SPRAY COMPLETED - ID: SCH_012, Duration: 12.0s
2026-02-10 16:42:24 - INFO - Smart Sprayer Logger initialized
2026-02-10 16:42:24 - INFO - Scheduler initialized
2026-02-10 16:42:24 - INFO - Scheduler started
2026-02-10 16:45:20 - INFO - Smart Sprayer Logger initialized
2026-02-10 16:45:20 - INFO - Scheduler initialized
2026-02-10 16:45:20 - INFO - Scheduler started
2026-02-10 16:45:39 - INFO - Smart Sprayer Logger initialized
2026-02-10 16:45:39 - INFO - Scheduler initialized
2026-02-10 16:45:39 - INFO - Scheduler started
2026-02-10 16:48:27 - INFO - Smart Sprayer Logger initialized
2026-02-10 16:48:27 - INFO - Scheduler initialized
2026-02-10 16:48:27 - INFO - Scheduler started
2026-02-10 16:49:14 - INFO - SCHEDULE CREATED - Date: 2026-02-10, Time: 16:50, Type: Fertilizer, Container: Container 1
2026-02-10 16:50:07 - INFO - SPRAY EXECUTED - Date: 2026-02-10, Time: 16:50, Type: Fertilizer, Container: Container 1
2026-02-10 16:50:07 - INFO - Executing spray: Fertilizer using Container 1, 1000.0mL for 12.0 seconds
2026-02-10 16:50:07 - INFO - SPRAY COMPLETED - ID: SCH_013, Duration: 12.0s
2026-02-10 16:53:47 - INFO - Smart Sprayer Logger initialized
2026-02-10 16:53:47 - INFO - Scheduler initialized
2026-02-10 16:53:47 - INFO - Scheduler started
2026-02-10 16:53:48 - ERROR - SchedulingPanel initialization error: 'SchedulingPanel' object has no attribute '_create_widgets'
2026-02-10 16:55:13 - INFO - Smart Sprayer Logger initialized
2026-02-10 16:55:13 - INFO - Scheduler initialized
2026-02-10 16:55:13 - INFO - Scheduler started
2026-02-10 16:55:49 - INFO - Smart Sprayer Logger initialized
2026-02-10 16:55:49 - INFO - Scheduler initialized
2026-02-10 16:55:49 - INFO - Scheduler started
2026-02-10 16:58:29 - INFO - Smart Sprayer Logger initialized
2026-02-10 16:58:29 - INFO - Scheduler initialized
2026-02-10 16:58:29 - INFO - Scheduler started
2026-02-10 16:58:30 - ERROR - SchedulingPanel initialization error: name 'DARK_GREEN' is not defined
2026-02-10 16:59:39 - INFO - Smart Sprayer Logger initialized
2026-02-10 16:59:39 - INFO - Scheduler initialized
2026-02-10 16:59:39 - INFO - Scheduler started
2026-02-10 16:59:39 - ERROR - SchedulingPanel initialization error: name 'DARK_GREEN' is not defined
2026-02-10 16:59:57 - INFO - Smart Sprayer Logger initialized
2026-02-10 16:59:57 - INFO - Scheduler initialized
2026-02-10 16:59:57 - INFO - Scheduler started
2026-02-10 17:00:18 - INFO - Smart Sprayer Logger initialized
2026-02-10 17:00:18 - INFO - Scheduler initialized
2026-02-10 17:00:18 - INFO - Scheduler started
2026-02-10 17:00:19 - ERROR - SchedulingPanel initialization error: name 'DARK_GREEN' is not defined
2026-02-10 17:00:55 - INFO - Smart Sprayer Logger initialized
2026-02-10 17:00:55 - INFO - Scheduler initialized
2026-02-10 17:00:55 - INFO - Scheduler started
2026-02-10 17:00:55 - ERROR - SchedulingPanel initialization error: name 'DARK_GREEN' is not defined
2026-02-10 17:01:11 - INFO - Smart Sprayer Logger initialized
2026-02-10 17:01:11 - INFO - Scheduler initialized
2026-02-10 17:01:11 - INFO - Scheduler started
2026-02-10 17:03:04 - INFO - Smart Sprayer Logger initialized
2026-02-10 17:03:04 - INFO - Scheduler initialized
2026-02-10 17:03:04 - INFO - Scheduler started
2026-02-10 17:03:04 - ERROR - SchedulingPanel initialization error: 'SchedulingPanel' object has no attribute '_create_widgets'
2026-02-10 17:05:26 - INFO - Smart Sprayer Logger initialized
2026-02-10 17:05:26 - INFO - Scheduler initialized
2026-02-10 17:05:26 - INFO - Scheduler started
2026-02-10 17:05:26 - ERROR - SchedulingPanel initialization error: 'SchedulingPanel' object has no attribute '_create_widgets'
2026-02-10 17:06:20 - INFO - Smart Sprayer Logger initialized
2026-02-10 17:06:20 - INFO - Scheduler initialized
2026-02-10 17:06:20 - INFO - Scheduler started
2026-02-10 17:10:00 - INFO - Smart Sprayer Logger initialized
2026-02-10 17:10:00 - INFO - Scheduler initialized
2026-02-10 17:10:00 - INFO - Scheduler started
2026-02-10 17:10:18 - INFO - Smart Sprayer Logger initialized
2026-02-10 17:10:18 - INFO - Scheduler initialized
2026-02-10 17:10:18 - INFO - Scheduler started
2026-02-10 17:17:04 - INFO - Smart Sprayer Logger initialized
2026-02-10 17:17:04 - INFO - Scheduler initialized
2026-02-10 17:17:04 - INFO - Scheduler started
2026-02-10 17:18:11 - INFO - Smart Sprayer Logger initialized
2026-02-10 17:18:11 - INFO - Scheduler initialized
2026-02-10 17:18:11 - INFO - Scheduler started
2026-02-10 17:31:31 - INFO - Smart Sprayer Logger initialized
2026-02-10 17:31:31 - INFO - Scheduler initialized
2026-02-10 17:31:31 - INFO - Scheduler started
2026-02-10 17:36:40 - INFO - Smart Sprayer Logger initialized
2026-02-10 17:36:40 - INFO - Scheduler initialized
2026-02-10 17:36:40 - INFO - Scheduler started
2026-02-10 17:37:08 - INFO - Smart Sprayer Logger initialized
2026-02-10 17:37:08 - INFO - Scheduler initialized
2026-02-10 17:37:08 - INFO - Scheduler started
2026-02-10 17:41:48 - INFO - Smart Sprayer Logger initialized
2026-02-10 17:41:48 - INFO - Scheduler initialized
2026-02-10 17:41:48 - INFO - Scheduler started
2026-02-10 17:43:04 - INFO - Smart Sprayer Logger initialized
2026-02-10 17:43:04 - INFO - Scheduler initialized
2026-02-10 17:43:04 - INFO - Scheduler started
2026-02-10 17:43:39 - INFO - Smart Sprayer Logger initialized
2026-02-10 17:43:39 - INFO - Scheduler initialized
2026-02-10 17:43:39 - INFO - Scheduler started
2026-02-10 17:44:21 - INFO - Smart Sprayer Logger initialized
2026-02-10 17:44:21 - INFO - Scheduler initialized
2026-02-10 17:44:21 - INFO - Scheduler started
2026-02-10 17:44:49 - INFO - Smart Sprayer Logger initialized
2026-02-10 17:44:49 - INFO - Scheduler initialized
2026-02-10 17:44:49 - INFO - Scheduler started
2026-02-10 17:47:20 - INFO - Smart Sprayer Logger initialized
2026-02-10 17:47:20 - INFO - Scheduler initialized
2026-02-10 17:47:20 - INFO - Scheduler started
2026-02-10 17:48:40 - INFO - Smart Sprayer Logger initialized
2026-02-10 17:48:40 - INFO - Scheduler initialized
2026-02-10 17:48:40 - INFO - Scheduler started
2026-02-10 17:48:58 - INFO - Smart Sprayer Logger initialized
2026-02-10 17:48:58 - INFO - Scheduler initialized
2026-02-10 17:48:58 - INFO - Scheduler started
2026-02-10 17:49:27 - INFO - Smart Sprayer Logger initialized
2026-02-10 17:49:27 - INFO - Scheduler initialized
2026-02-10 17:49:27 - INFO - Scheduler started
2026-02-10 17:50:29 - INFO - Smart Sprayer Logger initialized
2026-02-10 17:50:29 - INFO - Scheduler initialized
2026-02-10 17:50:29 - INFO - Scheduler started
2026-02-10 17:51:10 - INFO - Smart Sprayer Logger initialized
2026-02-10 17:51:10 - INFO - Scheduler initialized
2026-02-10 17:51:10 - INFO - Scheduler started
2026-02-10 17:51:35 - INFO - Smart Sprayer Logger initialized
2026-02-10 17:51:35 - INFO - Scheduler initialized
2026-02-10 17:51:35 - INFO - Scheduler started
2026-02-10 17:55:01 - INFO - SCHEDULE CREATED - Date: 2026-02-10, Time: 18:00, Type: Fertilizer, Container: Container 1
2026-02-10 18:00:05 - INFO - SPRAY EXECUTED - Date: 2026-02-10, Time: 18:00, Type: Fertilizer, Container: Container 1
2026-02-10 18:00:05 - INFO - Executing spray: Fertilizer using Container 1, 1000.0mL for 12.0 seconds
2026-02-10 18:00:05 - INFO - SPRAY COMPLETED - ID: SCH_014, Duration: 12.0s
2026-02-10 18:02:38 - INFO - Smart Sprayer Logger initialized
2026-02-10 18:02:38 - INFO - Scheduler initialized
2026-02-10 18:02:38 - INFO - Scheduler started
2026-02-10 18:04:00 - INFO - Smart Sprayer Logger initialized
2026-02-10 18:04:00 - INFO - Scheduler initialized
2026-02-10 18:04:00 - INFO - Scheduler started
2026-02-10 18:04:13 - INFO - SCHEDULE CREATED - Date: 2026-02-10, Time: 18:05, Type: Fertilizer, Container: Container 1
2026-02-10 18:05:00 - INFO - SPRAY EXECUTED - Date: 2026-02-10, Time: 18:05, Type: Fertilizer, Container: Container 1
2026-02-10 18:05:00 - INFO - Executing spray: Fertilizer using Container 1, 1000.0mL for 12.0 seconds
2026-02-10 18:05:00 - INFO - SPRAY COMPLETED - ID: SCH_015, Duration: 12.0s
2026-02-10 18:05:12 - INFO - Smart Sprayer Logger initialized
2026-02-10 18:05:12 - INFO - Scheduler initialized
2026-02-10 18:05:12 - INFO - Scheduler started
2026-02-10 18:05:42 - INFO - SCHEDULE CREATED - Date: 2026-02-10, Time: 18:10, Type: Fertilizer, Container: Container 1
2026-02-10 18:08:33 - INFO - Smart Sprayer Logger initialized
2026-02-10 18:08:33 - INFO - Scheduler initialized
2026-02-10 18:08:33 - INFO - Scheduler started
2026-02-10 18:10:49 - INFO - Smart Sprayer Logger initialized
2026-02-10 18:10:49 - INFO - Scheduler initialized
2026-02-10 18:10:49 - INFO - Scheduler started
2026-02-10 18:10:49 - INFO - SPRAY EXECUTED - Date: 2026-02-10, Time: 18:10, Type: Fertilizer, Container: Container 1
2026-02-10 18:10:49 - INFO - Executing spray: Fertilizer using Container 1, 1000.0mL for 12.0 seconds
2026-02-10 18:10:49 - INFO - SPRAY COMPLETED - ID: SCH_016, Duration: 12.0s
2026-02-10 18:20:36 - INFO - Smart Sprayer Logger initialized
2026-02-10 18:20:36 - INFO - Scheduler initialized
2026-02-10 18:20:36 - INFO - Scheduler started
2026-02-10 18:23:00 - INFO - Smart Sprayer Logger initialized
2026-02-10 18:23:00 - INFO - Scheduler initialized
2026-02-10 18:23:00 - INFO - Scheduler started
2026-02-10 18:23:23 - INFO - SCHEDULE CREATED - Date: 2026-02-10, Time: 18:25, Type: Pesticide, Container: Container 2
2026-02-10 18:25:00 - INFO - SPRAY EXECUTED - Date: 2026-02-10, Time: 18:25, Type: Pesticide, Container: Container 2
2026-02-10 18:25:00 - INFO - Executing spray: Pesticide using Container 2, 1000.0mL for 12.0 seconds
2026-02-10 18:25:00 - INFO - SPRAY COMPLETED - ID: SCH_017, Duration: 12.0s
2026-02-10 18:25:45 - INFO - Smart Sprayer Logger initialized
2026-02-10 18:25:45 - INFO - Scheduler initialized
2026-02-10 18:25:45 - INFO - Scheduler started
2026-02-10 18:26:03 - INFO - SCHEDULE CREATED - Date: 2026-02-10, Time: 18:30, Type: Fertilizer, Container: Container 1
2026-02-10 18:29:00 - INFO - Smart Sprayer Logger initialized
2026-02-10 18:29:00 - INFO - Scheduler initialized
2026-02-10 18:29:00 - INFO - Scheduler started
2026-02-10 18:29:30 - INFO - Smart Sprayer Logger initialized
2026-02-10 18:29:30 - INFO - Scheduler initialized
2026-02-10 18:29:30 - INFO - Scheduler started
2026-02-10 18:29:51 - INFO - Smart Sprayer Logger initialized
2026-02-10 18:29:51 - INFO - Scheduler initialized
2026-02-10 18:29:51 - INFO - Scheduler started
2026-02-10 18:30:01 - INFO - SPRAY EXECUTED - Date: 2026-02-10, Time: 18:30, Type: Fertilizer, Container: Container 1
2026-02-10 18:30:01 - INFO - Executing spray: Fertilizer using Container 1, 1000.0mL for 12.0 seconds
2026-02-10 18:30:01 - INFO - SPRAY COMPLETED - ID: SCH_018, Duration: 12.0s
2026-02-10 18:30:10 - INFO - Smart Sprayer Logger initialized
2026-02-10 18:30:10 - INFO - Scheduler initialized
2026-02-10 18:30:10 - INFO - Scheduler started
2026-02-10 18:47:39 - INFO - Smart Sprayer Logger initialized
2026-02-10 18:47:39 - INFO - Scheduler initialized
2026-02-10 18:47:39 - INFO - Scheduler started
2026-02-10 18:51:25 - INFO - Smart Sprayer Logger initialized
2026-02-10 18:51:25 - INFO - Scheduler initialized
2026-02-10 18:51:25 - INFO - Scheduler started
2026-02-10 18:51:47 - INFO - Smart Sprayer Logger initialized
2026-02-10 18:51:47 - INFO - Scheduler initialized
2026-02-10 18:51:47 - INFO - Scheduler started
2026-02-10 18:54:24 - INFO - SCHEDULE CREATED - Date: 2026-02-10, Time: 18:55, Type: Fertilizer, Container: Container 1
2026-02-10 18:55:07 - INFO - SPRAY EXECUTED - Date: 2026-02-10, Time: 18:55, Type: Fertilizer, Container: Container 1
2026-02-10 18:55:07 - INFO - Executing spray: Fertilizer using Container 1, 1000.0mL for 12.0 seconds
2026-02-10 18:55:07 - INFO - SPRAY COMPLETED - ID: SCH_019, Duration: 12.0s
2026-02-10 18:59:14 - INFO - Smart Sprayer Logger initialized
2026-02-10 18:59:14 - INFO - Scheduler initialized
2026-02-10 18:59:14 - INFO - Scheduler started
2026-02-10 18:59:28 - INFO - SCHEDULE CREATED - Date: 2026-02-10, Time: 19:00, Type: Fertilizer, Container: Container 1
2026-02-10 19:00:04 - INFO - SPRAY EXECUTED - Date: 2026-02-10, Time: 19:00, Type: Fertilizer, Container: Container 1
2026-02-10 19:00:04 - INFO - Executing spray: Fertilizer using Container 1, 1000.0mL for 12.0 seconds
2026-02-10 19:00:04 - INFO - SPRAY COMPLETED - ID: SCH_020, Duration: 12.0s
2026-02-10 19:02:45 - INFO - Smart Sprayer Logger initialized
2026-02-10 19:02:45 - INFO - Scheduler initialized
2026-02-10 19:02:45 - INFO - Scheduler started
2026-02-10 19:03:01 - INFO - Smart Sprayer Logger initialized
2026-02-10 19:03:01 - INFO - Scheduler initialized
2026-02-10 19:03:01 - INFO - Scheduler started
2026-02-10 19:03:23 - INFO - SCHEDULE CREATED - Date: 2026-02-10, Time: 19:05, Type: Fertilizer, Container: Container 1
2026-02-10 19:03:34 - INFO - SCHEDULE CREATED - Date: 2026-02-10, Time: 08:00, Type: Fertilizer, Container: Container 1
2026-02-10 19:05:01 - INFO - SPRAY EXECUTED - Date: 2026-02-10, Time: 19:05, Type: Fertilizer, Container: Container 1
2026-02-10 19:05:01 - INFO - Executing spray: Fertilizer using Container 1, 1000.0mL for 12.0 seconds
2026-02-10 19:05:01 - INFO - SPRAY COMPLETED - ID: SCH_021, Duration: 12.0s
2026-02-10 19:15:39 - INFO - Smart Sprayer Logger initialized
2026-02-10 19:15:39 - INFO - Scheduler initialized
2026-02-10 19:15:39 - INFO - Scheduler started
2026-02-10 19:16:02 - WARNING - SCHEDULE RESCHEDULED - Old date: 2026-02-10, New date: 2026-02-10, Reschedule count: 1
2026-02-10 19:21:37 - INFO - Smart Sprayer Logger initialized
2026-02-10 19:21:37 - INFO - Scheduler initialized
2026-02-10 19:21:37 - INFO - Scheduler started
2026-02-10 19:27:01 - INFO - Smart Sprayer Logger initialized
2026-02-10 19:27:01 - INFO - Scheduler initialized
2026-02-10 19:27:01 - INFO - Scheduler started
2026-02-10 19:27:27 - INFO - Smart Sprayer Logger initialized
2026-02-10 19:27:27 - INFO - Scheduler initialized
2026-02-10 19:27:27 - INFO - Scheduler started
2026-02-10 19:28:06 - INFO - Smart Sprayer Logger initialized
2026-02-10 19:28:06 - INFO - Scheduler initialized
2026-02-10 19:28:06 - INFO - Scheduler started
2026-02-10 19:28:53 - INFO - Smart Sprayer Logger initialized
2026-02-10 19:28:53 - INFO - Scheduler initialized
2026-02-10 19:28:53 - INFO - Scheduler started
2026-02-10 19:29:13 - WARNING - SCHEDULE RESCHEDULED - Old date: 2026-02-10, New date: 2026-02-10, Reschedule count: 2
2026-02-10 19:30:03 - INFO - SPRAY EXECUTED - Date: 2026-02-10, Time: 19:30, Type: Fertilizer, Container: Container 1
2026-02-10 19:30:03 - INFO - Executing spray: Fertilizer using Container 1, 1000.0mL for 12.0 seconds
2026-02-10 19:30:03 - INFO - SPRAY COMPLETED - ID: SCH_022, Duration: 12.0s
2026-02-10 19:32:54 - INFO - Smart Sprayer Logger initialized
2026-02-10 19:32:54 - INFO - Scheduler initialized
2026-02-10 19:32:54 - INFO - Scheduler started
2026-02-10 19:33:06 - INFO - SCHEDULE CREATED - Date: 2026-02-10, Time: 19:35, Type: Fertilizer, Container: Container 1
2026-02-10 19:35:04 - INFO - SPRAY EXECUTED - Date: 2026-02-10, Time: 19:35, Type: Fertilizer, Container: Container 1
2026-02-10 19:35:04 - INFO - Executing spray: Fertilizer using Container 1, 1000.0mL for 12.0 seconds
2026-02-10 19:35:04 - INFO - SPRAY COMPLETED - ID: SCH_023, Duration: 12.0s
2026-02-10 19:37:29 - INFO - Smart Sprayer Logger initialized
2026-02-10 19:37:29 - INFO - Scheduler initialized
2026-02-10 19:37:29 - INFO - Scheduler started
2026-02-10 19:37:43 - INFO - SCHEDULE CREATED - Date: 2026-02-10, Time: 19:40, Type: Fertilizer, Container: Container 1
2026-02-10 19:40:59 - INFO - Smart Sprayer Logger initialized
2026-02-10 19:40:59 - INFO - Scheduler initialized
2026-02-10 19:40:59 - INFO - Scheduler started
2026-02-10 19:40:59 - INFO - SPRAY EXECUTED - Date: 2026-02-10, Time: 19:40, Type: Fertilizer, Container: Container 1
2026-02-10 19:40:59 - INFO - Executing spray: Fertilizer using Container 1, 1000.0mL for 12.0 seconds
2026-02-10 19:40:59 - INFO - SPRAY COMPLETED - ID: SCH_024, Duration: 12.0s
2026-02-10 19:41:22 - INFO - SCHEDULE CREATED - Date: 2026-02-10, Time: 19:45, Type: Fertilizer, Container: Container 1
2026-02-10 19:43:29 - INFO - Smart Sprayer Logger initialized
2026-02-10 19:43:29 - INFO - Scheduler initialized
2026-02-10 19:43:29 - INFO - Scheduler started
2026-02-10 19:45:09 - INFO - SPRAY EXECUTED - Date: 2026-02-10, Time: 19:45, Type: Fertilizer, Container: Container 1
2026-02-10 19:45:09 - INFO - Executing spray: Fertilizer using Container 1, 1000.0mL for 12.0 seconds
2026-02-10 19:45:09 - INFO - SPRAY COMPLETED - ID: SCH_025, Duration: 12.0s
2026-02-10 19:45:26 - INFO - Smart Sprayer Logger initialized
2026-02-10 19:45:26 - INFO - Scheduler initialized
2026-02-10 19:45:26 - INFO - Scheduler started
2026-02-10 19:45:40 - INFO - SCHEDULE CREATED - Date: 2026-02-10, Time: 19:50, Type: Fertilizer, Container: Container 1
2026-02-10 19:46:06 - INFO - Smart Sprayer Logger initialized
2026-02-10 19:46:06 - INFO - Scheduler initialized
2026-02-10 19:46:06 - INFO - Scheduler started
2026-02-10 19:47:08 - INFO - Smart Sprayer Logger initialized
2026-02-10 19:47:08 - INFO - Scheduler initialized
2026-02-10 19:47:08 - INFO - Scheduler started
2026-02-10 19:48:02 - INFO - Smart Sprayer Logger initialized
2026-02-10 19:48:02 - INFO - Scheduler initialized
2026-02-10 19:48:02 - INFO - Scheduler started
2026-02-10 19:48:17 - INFO - Smart Sprayer Logger initialized
2026-02-10 19:48:17 - INFO - Scheduler initialized
2026-02-10 19:48:17 - INFO - Scheduler started
2026-02-10 19:48:48 - INFO - Smart Sprayer Logger initialized
2026-02-10 19:48:48 - INFO - Scheduler initialized
2026-02-10 19:48:48 - INFO - Scheduler started
2026-02-10 19:49:11 - INFO - Smart Sprayer Logger initialized
2026-02-10 19:49:11 - INFO - Scheduler initialized
2026-02-10 19:49:11 - INFO - Scheduler started
2026-02-10 19:50:01 - INFO - SPRAY EXECUTED - Date: 2026-02-10, Time: 19:50, Type: Fertilizer, Container: Container 1
2026-02-10 19:50:01 - INFO - Executing spray: Fertilizer using Container 1, 1000.0mL for 12.0 seconds
2026-02-10 19:50:01 - INFO - SPRAY COMPLETED - ID: SCH_026, Duration: 12.0s
2026-02-10 19:50:03 - INFO - Smart Sprayer Logger initialized
2026-02-10 19:50:03 - INFO - Scheduler initialized
2026-02-10 19:50:03 - INFO - Scheduler started
2026-02-10 19:50:16 - INFO - SCHEDULE CREATED - Date: 2026-02-10, Time: 19:55, Type: Fertilizer, Container: Container 1
2026-02-10 19:52:30 - INFO - Smart Sprayer Logger initialized
2026-02-10 19:52:30 - INFO - Scheduler initialized
2026-02-10 19:52:30 - INFO - Scheduler started
2026-02-10 19:55:00 - INFO - SPRAY EXECUTED - Date: 2026-02-10, Time: 19:55, Type: Fertilizer, Container: Container 1
2026-02-10 19:55:00 - INFO - Executing spray: Fertilizer using Container 1, 1000.0mL for 12.0 seconds
2026-02-10 19:55:00 - INFO - SPRAY COMPLETED - ID: SCH_027, Duration: 12.0s
2026-02-10 19:56:34 - INFO - Smart Sprayer Logger initialized
2026-02-10 19:56:34 - INFO - Scheduler initialized
2026-02-10 19:56:34 - INFO - Scheduler started
2026-02-10 19:57:14 - INFO - Smart Sprayer Logger initialized
2026-02-10 19:57:14 - INFO - Scheduler initialized
2026-02-10 19:57:14 - INFO - Scheduler started
2026-02-10 19:57:42 - INFO - Smart Sprayer Logger initialized
2026-02-10 19:57:42 - INFO - Scheduler initialized
2026-02-10 19:57:42 - INFO - Scheduler started
2026-02-10 19:58:10 - INFO - Smart Sprayer Logger initialized
2026-02-10 19:58:10 - INFO - Scheduler initialized
2026-02-10 19:58:10 - INFO - Scheduler started
2026-02-10 19:58:30 - INFO - SCHEDULE CREATED - Date: 2026-02-10, Time: 20:00, Type: Fertilizer, Container: Container 1
2026-02-10 19:58:52 - INFO - Smart Sprayer Logger initialized
2026-02-10 19:58:52 - INFO - Scheduler initialized
2026-02-10 19:58:52 - INFO - Scheduler started
2026-02-10 19:59:29 - INFO - Smart Sprayer Logger initialized
2026-02-10 19:59:29 - INFO - Scheduler initialized
2026-02-10 19:59:29 - INFO - Scheduler started
2026-02-10 20:00:09 - INFO - SPRAY EXECUTED - Date: 2026-02-10, Time: 20:00, Type: Fertilizer, Container: Container 1
2026-02-10 20:00:09 - INFO - Executing spray: Fertilizer using Container 1, 1000.0mL for 12.0 seconds
2026-02-10 20:00:09 - INFO - SPRAY COMPLETED - ID: SCH_028, Duration: 12.0s
2026-02-10 20:08:07 - INFO - Smart Sprayer Logger initialized
2026-02-10 20:08:07 - INFO - Scheduler initialized
2026-02-10 20:08:07 - INFO - Scheduler started
2026-02-10 20:11:18 - INFO - Smart Sprayer Logger initialized
2026-02-10 20:11:18 - INFO - Scheduler initialized
2026-02-10 20:11:18 - INFO - Scheduler started
2026-02-10 20:14:54 - INFO - Smart Sprayer Logger initialized
2026-02-10 20:14:54 - INFO - Scheduler initialized
2026-02-10 20:14:54 - INFO - Scheduler started
2026-02-10 20:29:45 - INFO - Scheduler stopped
2026-02-11 07:44:48 - INFO - Smart Sprayer Logger initialized
2026-02-11 07:44:48 - INFO - Scheduler initialized
2026-02-11 07:44:48 - INFO - Scheduler started
2026-02-11 09:25:47 - INFO - SCHEDULE CREATED - Date: 2026-02-11, Time: 08:00, Type: Fertilizer, Container: Container 1
2026-02-11 10:23:18 - INFO - Smart Sprayer Logger initialized
2026-02-11 10:23:18 - INFO - Scheduler initialized
2026-02-11 10:23:18 - INFO - Scheduler started
2026-02-11 10:24:58 - INFO - Smart Sprayer Logger initialized
2026-02-11 10:24:58 - INFO - Scheduler initialized
2026-02-11 10:24:58 - INFO - Scheduler started
2026-02-11 10:27:39 - INFO - Smart Sprayer Logger initialized
2026-02-11 10:27:39 - INFO - Scheduler initialized
2026-02-11 10:27:39 - INFO - Scheduler started
2026-02-11 10:28:33 - INFO - Smart Sprayer Logger initialized
2026-02-11 10:28:33 - INFO - Scheduler initialized
2026-02-11 10:28:33 - INFO - Scheduler started
2026-02-11 10:34:05 - INFO - Smart Sprayer Logger initialized
2026-02-11 10:34:05 - INFO - Scheduler initialized
2026-02-11 10:34:05 - INFO - Scheduler started
2026-02-11 10:34:31 - INFO - Smart Sprayer Logger initialized
2026-02-11 10:34:31 - INFO - Scheduler initialized
2026-02-11 10:34:31 - INFO - Scheduler started
2026-02-11 10:36:24 - INFO - Smart Sprayer Logger initialized
2026-02-11 10:36:24 - INFO - Scheduler initialized
2026-02-11 10:36:24 - INFO - Scheduler started
2026-02-11 10:39:22 - INFO - Smart Sprayer Logger initialized
2026-02-11 10:39:22 - INFO - Scheduler initialized
2026-02-11 10:39:22 - INFO - Scheduler started
2026-02-11 10:39:38 - INFO - Smart Sprayer Logger initialized
2026-02-11 10:39:38 - INFO - Scheduler initialized
2026-02-11 10:39:38 - INFO - Scheduler started
2026-02-11 10:40:16 - INFO - Smart Sprayer Logger initialized
2026-02-11 10:40:16 - INFO - Scheduler initialized
2026-02-11 10:40:16 - INFO - Scheduler started
2026-02-11 11:20:00 - INFO - Smart Sprayer Logger initialized
2026-02-11 11:20:00 - INFO - Scheduler initialized
2026-02-11 11:20:00 - INFO - Scheduler started
2026-02-11 13:01:11 - INFO - Smart Sprayer Logger initialized
2026-02-11 13:01:11 - INFO - Scheduler initialized
2026-02-11 13:01:11 - INFO - Scheduler started
2026-02-11 13:01:22 - INFO - Scheduler stopped
2026-02-11 13:01:36 - INFO - Smart Sprayer Logger initialized
2026-02-11 13:01:36 - INFO - Scheduler initialized
2026-02-11 13:01:36 - INFO - Scheduler started
2026-02-11 17:21:57 - INFO - Smart Sprayer Logger initialized
2026-02-11 17:21:57 - INFO - Scheduler initialized
2026-02-11 17:21:57 - INFO - Scheduler started
2026-02-11 17:25:56 - INFO - Smart Sprayer Logger initialized
2026-02-11 17:25:56 - INFO - Scheduler initialized
2026-02-11 17:25:56 - INFO - Scheduler started
2026-02-11 17:27:43 - INFO - Smart Sprayer Logger initialized
2026-02-11 17:27:43 - INFO - Scheduler initialized
2026-02-11 17:27:43 - INFO - Scheduler started
2026-02-11 17:28:53 - INFO - Smart Sprayer Logger initialized
2026-02-11 17:28:53 - INFO - Scheduler initialized
2026-02-11 17:28:53 - INFO - Scheduler started
2026-02-11 17:30:55 - INFO - Smart Sprayer Logger initialized
2026-02-11 17:30:55 - INFO - Scheduler initialized
2026-02-11 17:30:55 - INFO - Scheduler started
2026-02-11 17:31:07 - INFO - Smart Sprayer Logger initialized
2026-02-11 17:31:07 - INFO - Scheduler initialized
2026-02-11 17:31:07 - INFO - Scheduler started
2026-02-11 17:33:39 - INFO - Smart Sprayer Logger initialized
2026-02-11 17:33:39 - INFO - Scheduler initialized
2026-02-11 17:33:39 - INFO - Scheduler started
2026-02-11 17:35:46 - INFO - Smart Sprayer Logger initialized
2026-02-11 17:35:46 - INFO - Scheduler initialized
2026-02-11 17:35:46 - INFO - Scheduler started
2026-02-11 17:35:59 - INFO - Smart Sprayer Logger initialized
2026-02-11 17:35:59 - INFO - Scheduler initialized
2026-02-11 17:35:59 - INFO - Scheduler started
2026-02-11 17:41:20 - INFO - Smart Sprayer Logger initialized
2026-02-11 17:41:20 - INFO - Scheduler initialized
2026-02-11 17:41:20 - INFO - Scheduler started
2026-02-11 17:41:32 - INFO - Smart Sprayer Logger initialized
2026-02-11 17:41:32 - INFO - Scheduler initialized
2026-02-11 17:41:32 - INFO - Scheduler started
2026-02-11 17:42:00 - INFO - Smart Sprayer Logger initialized
2026-02-11 17:42:00 - INFO - Scheduler initialized
2026-02-11 17:42:00 - INFO - Scheduler started
2026-02-11 17:42:19 - INFO - Smart Sprayer Logger initialized
2026-02-11 17:42:19 - INFO - Scheduler initialized
2026-02-11 17:42:19 - INFO - Scheduler started
2026-02-11 17:46:55 - INFO - Smart Sprayer Logger initialized
2026-02-11 17:46:55 - INFO - Scheduler initialized
2026-02-11 17:46:55 - INFO - Scheduler started
2026-02-11 17:47:38 - INFO - Smart Sprayer Logger initialized
2026-02-11 17:47:38 - INFO - Scheduler initialized
2026-02-11 17:47:38 - INFO - Scheduler started
2026-02-11 17:53:03 - INFO - Smart Sprayer Logger initialized
2026-02-11 17:53:03 - INFO - Scheduler initialized
2026-02-11 17:53:03 - INFO - Scheduler started
2026-02-11 17:54:39 - INFO - Smart Sprayer Logger initialized
2026-02-11 17:54:39 - INFO - Scheduler initialized
2026-02-11 17:54:39 - INFO - Scheduler started
2026-02-11 17:57:38 - INFO - Smart Sprayer Logger initialized
2026-02-11 17:57:38 - INFO - Scheduler initialized
2026-02-11 17:57:38 - INFO - Scheduler started
2026-02-11 17:59:13 - INFO - Smart Sprayer Logger initialized
2026-02-11 17:59:13 - INFO - Scheduler initialized
2026-02-11 17:59:13 - INFO - Scheduler started
2026-02-11 17:59:22 - INFO - Smart Sprayer Logger initialized
2026-02-11 17:59:22 - INFO - Scheduler initialized
2026-02-11 17:59:22 - INFO - Scheduler started
2026-02-11 18:01:00 - INFO - Smart Sprayer Logger initialized
2026-02-11 18:01:00 - INFO - Scheduler initialized
2026-02-11 18:01:00 - INFO - Scheduler started
2026-02-11 18:04:09 - INFO - Smart Sprayer Logger initialized
2026-02-11 18:04:09 - INFO - Scheduler initialized
2026-02-11 18:04:09 - INFO - Scheduler started
2026-02-11 18:04:19 - INFO - Scheduler stopped
2026-02-11 18:07:03 - INFO - Smart Sprayer Logger initialized
2026-02-11 18:07:03 - INFO - Scheduler initialized
2026-02-11 18:07:03 - INFO - Scheduler started
2026-02-11 18:07:14 - INFO - Smart Sprayer Logger initialized
2026-02-11 18:07:14 - INFO - Scheduler initialized
2026-02-11 18:07:14 - INFO - Scheduler started
2026-02-11 18:12:13 - INFO - Smart Sprayer Logger initialized
2026-02-11 18:12:13 - INFO - Scheduler initialized
2026-02-11 18:12:13 - INFO - Scheduler started
2026-02-11 19:03:20 - INFO - Smart Sprayer Logger initialized
2026-02-11 19:03:20 - INFO - Scheduler initialized
2026-02-11 19:03:20 - INFO - Scheduler started
2026-02-11 19:03:32 - INFO - Smart Sprayer Logger initialized
2026-02-11 19:03:32 - INFO - Scheduler initialized
2026-02-11 19:03:32 - INFO - Scheduler started
2026-02-11 19:04:37 - INFO - Smart Sprayer Logger initialized
2026-02-11 19:04:37 - INFO - Scheduler initialized
2026-02-11 19:04:37 - INFO - Scheduler started
2026-02-11 19:05:51 - INFO - Smart Sprayer Logger initialized
2026-02-11 19:05:51 - INFO - Scheduler initialized
2026-02-11 19:05:51 - INFO - Scheduler started
2026-02-11 19:06:13 - INFO - Smart Sprayer Logger initialized
2026-02-11 19:06:13 - INFO - Scheduler initialized
2026-02-11 19:06:13 - INFO - Scheduler started
2026-02-11 19:07:21 - INFO - Smart Sprayer Logger initialized
2026-02-11 19:07:21 - INFO - Scheduler initialized
2026-02-11 19:07:21 - INFO - Scheduler started
2026-02-11 19:08:57 - INFO - Smart Sprayer Logger initialized
2026-02-11 19:08:57 - INFO - Scheduler initialized
2026-02-11 19:08:57 - INFO - Scheduler started
2026-02-11 19:57:40 - INFO - Smart Sprayer Logger initialized
2026-02-11 19:57:40 - INFO - Scheduler initialized
2026-02-11 19:57:40 - INFO - Scheduler started
2026-02-11 19:59:05 - INFO - Smart Sprayer Logger initialized
2026-02-11 19:59:05 - INFO - Scheduler initialized
2026-02-11 19:59:05 - INFO - Scheduler started
2026-02-11 19:59:59 - INFO - Smart Sprayer Logger initialized
2026-02-11 19:59:59 - INFO - Scheduler initialized
2026-02-11 19:59:59 - INFO - Scheduler started
2026-02-11 20:00:20 - INFO - Smart Sprayer Logger initialized
2026-02-11 20:00:20 - INFO - Scheduler initialized
2026-02-11 20:00:20 - INFO - Scheduler started
2026-02-11 20:02:57 - INFO - Smart Sprayer Logger initialized
2026-02-11 20:02:57 - INFO - Scheduler initialized
2026-02-11 20:02:57 - INFO - Scheduler started
2026-02-11 20:59:18 - INFO - Smart Sprayer Logger initialized
2026-02-11 20:59:18 - INFO - Scheduler initialized
2026-02-11 20:59:18 - INFO - Scheduler started
2026-02-11 21:03:12 - INFO - Smart Sprayer Logger initialized
2026-02-11 21:03:12 - INFO - Scheduler initialized
2026-02-11 21:03:12 - INFO - Scheduler started
2026-02-11 21:10:44 - INFO - Smart Sprayer Logger initialized
2026-02-11 21:10:44 - INFO - Scheduler initialized
2026-02-11 21:10:44 - INFO - Scheduler started
2026-02-11 21:11:08 - INFO - SCHEDULE CREATED - Date: 2026-02-11, Time: 21:15, Type: Fertilizer, Container: Container 1
2026-02-11 21:13:11 - INFO - Smart Sprayer Logger initialized
2026-02-11 21:13:11 - INFO - Scheduler initialized
2026-02-11 21:13:11 - INFO - Scheduler started
2026-02-13 19:42:23 - INFO - Smart Sprayer Logger initialized
2026-02-13 19:42:23 - INFO - Scheduler initialized
2026-02-13 19:42:23 - INFO - Scheduler started
2026-02-13 19:54:07 - INFO - Smart Sprayer Logger initialized
2026-02-13 19:54:07 - INFO - Scheduler initialized
2026-02-13 19:54:07 - INFO - Scheduler started
2026-02-13 19:59:39 - INFO - Smart Sprayer Logger initialized
2026-02-13 19:59:39 - INFO - Scheduler initialized
2026-02-13 19:59:39 - INFO - Scheduler started
2026-02-13 20:05:41 - INFO - Smart Sprayer Logger initialized
2026-02-13 20:05:41 - INFO - Scheduler initialized
2026-02-13 20:05:41 - INFO - Scheduler started
2026-02-13 20:10:28 - INFO - Smart Sprayer Logger initialized
2026-02-13 20:10:28 - INFO - Scheduler initialized
2026-02-13 20:10:28 - INFO - Scheduler started
2026-02-13 20:16:24 - INFO - Smart Sprayer Logger initialized
2026-02-13 20:16:24 - INFO - Scheduler initialized
2026-02-13 20:16:24 - INFO - Scheduler started
2026-02-13 20:17:02 - INFO - Smart Sprayer Logger initialized
2026-02-13 20:17:02 - INFO - Scheduler initialized
2026-02-13 20:17:02 - INFO - Scheduler started
2026-02-13 20:22:45 - INFO - Smart Sprayer Logger initialized
2026-02-13 20:22:45 - INFO - Scheduler initialized
2026-02-13 20:22:45 - INFO - Scheduler started
2026-02-13 20:26:17 - INFO - Smart Sprayer Logger initialized
2026-02-13 20:26:17 - INFO - Scheduler initialized
2026-02-13 20:26:17 - INFO - Scheduler started
2026-02-13 20:27:31 - INFO - Smart Sprayer Logger initialized
2026-02-13 20:27:31 - INFO - Scheduler initialized
2026-02-13 20:27:31 - INFO - Scheduler started
2026-02-13 20:28:10 - INFO - Smart Sprayer Logger initialized
2026-02-13 20:28:10 - INFO - Scheduler initialized
2026-02-13 20:28:10 - INFO - Scheduler started
2026-02-13 20:28:35 - INFO - Smart Sprayer Logger initialized
2026-02-13 20:28:35 - INFO - Scheduler initialized
2026-02-13 20:28:35 - INFO - Scheduler started
2026-02-13 20:30:54 - INFO - Smart Sprayer Logger initialized
2026-02-13 20:30:54 - INFO - Scheduler initialized
2026-02-13 20:30:54 - INFO - Scheduler started
2026-02-13 20:33:21 - INFO - Smart Sprayer Logger initialized
2026-02-13 20:33:21 - INFO - Scheduler initialized
2026-02-13 20:33:21 - INFO - Scheduler started
2026-02-13 20:34:02 - INFO - Smart Sprayer Logger initialized
2026-02-13 20:34:02 - INFO - Scheduler initialized
2026-02-13 20:34:02 - INFO - Scheduler started
2026-02-13 20:34:14 - WARNING - SCHEDULE CANCELLED - ID: SCH_029, Reason: User cancelled all
2026-02-13 20:34:14 - WARNING - SCHEDULE CANCELLED - ID: SCH_030, Reason: User cancelled all
2026-02-13 20:34:14 - INFO - Cancelled all 2 active schedules
2026-02-13 20:36:41 - INFO - Smart Sprayer Logger initialized
2026-02-13 20:36:41 - INFO - Scheduler initialized
2026-02-13 20:36:41 - INFO - Scheduler started
2026-02-13 20:36:51 - INFO - Scheduler stopped
2026-02-13 20:41:11 - INFO - Smart Sprayer Logger initialized
2026-02-13 20:41:11 - INFO - Scheduler initialized
2026-02-13 20:41:11 - INFO - Scheduler started
2026-02-13 20:44:19 - INFO - Smart Sprayer Logger initialized
2026-02-13 20:44:19 - INFO - Scheduler initialized
2026-02-13 20:44:19 - INFO - Scheduler started
2026-02-13 20:56:37 - INFO - Smart Sprayer Logger initialized
2026-02-13 20:56:37 - INFO - Scheduler initialized
2026-02-13 20:56:37 - INFO - Scheduler started
2026-02-13 21:01:20 - INFO - Smart Sprayer Logger initialized
2026-02-13 21:01:20 - INFO - Scheduler initialized
2026-02-13 21:01:20 - INFO - Scheduler started
2026-02-13 21:09:02 - INFO - Smart Sprayer Logger initialized
2026-02-13 21:09:02 - INFO - Scheduler initialized
2026-02-13 21:09:02 - INFO - Scheduler started
2026-02-13 21:11:27 - INFO - Smart Sprayer Logger initialized
2026-02-13 21:11:27 - INFO - Scheduler initialized
2026-02-13 21:11:27 - INFO - Scheduler started
2026-02-13 21:20:30 - INFO - Smart Sprayer Logger initialized
2026-02-13 21:20:30 - INFO - Scheduler initialized
2026-02-13 21:20:30 - INFO - Scheduler started
2026-02-13 21:25:37 - INFO - Smart Sprayer Logger initialized
2026-02-13 21:25:37 - INFO - Scheduler initialized
2026-02-13 21:25:37 - INFO - Scheduler started
2026-02-13 21:26:05 - INFO - Smart Sprayer Logger initialized
2026-02-13 21:26:05 - INFO - Scheduler initialized
2026-02-13 21:26:05 - INFO - Scheduler started
2026-02-13 21:28:48 - INFO - Smart Sprayer Logger initialized
2026-02-13 21:28:48 - INFO - Scheduler initialized
2026-02-13 21:28:48 - INFO - Scheduler started
2026-02-13 21:31:17 - INFO - Smart Sprayer Logger initialized
2026-02-13 21:31:17 - INFO - Scheduler initialized
2026-02-13 21:31:17 - INFO - Scheduler started
2026-02-13 21:33:03 - INFO - Smart Sprayer Logger initialized
2026-02-13 21:33:03 - INFO - Scheduler initialized
2026-02-13 21:33:03 - INFO - Scheduler started
2026-02-13 21:33:40 - INFO - Smart Sprayer Logger initialized
2026-02-13 21:33:40 - INFO - Scheduler initialized
2026-02-13 21:33:40 - INFO - Scheduler started
2026-02-13 21:37:49 - INFO - Smart Sprayer Logger initialized
2026-02-13 21:37:49 - INFO - Scheduler initialized
2026-02-13 21:37:49 - INFO - Scheduler started
2026-02-13 21:39:40 - INFO - Smart Sprayer Logger initialized
2026-02-13 21:39:40 - INFO - Scheduler initialized
2026-02-13 21:39:40 - INFO - Scheduler started
2026-02-13 21:41:19 - INFO - Smart Sprayer Logger initialized
2026-02-13 21:41:19 - INFO - Scheduler initialized
2026-02-13 21:41:19 - INFO - Scheduler started
2026-02-13 21:51:47 - INFO - Smart Sprayer Logger initialized
2026-02-13 21:51:47 - INFO - Scheduler initialized
2026-02-13 21:51:47 - INFO - Scheduler started
2026-02-13 21:55:04 - INFO - Smart Sprayer Logger initialized
2026-02-13 21:55:04 - INFO - Scheduler initialized
2026-02-13 21:55:04 - INFO - Scheduler started
2026-02-13 21:57:09 - INFO - Smart Sprayer Logger initialized
2026-02-13 21:57:09 - INFO - Scheduler initialized
2026-02-13 21:57:09 - INFO - Scheduler started
2026-02-13 21:59:58 - INFO - Smart Sprayer Logger initialized
2026-02-13 21:59:58 - INFO - Scheduler initialized
2026-02-13 21:59:58 - INFO - Scheduler started
2026-02-13 22:03:57 - INFO - Smart Sprayer Logger initialized
2026-02-13 22:03:57 - INFO - Scheduler initialized
2026-02-13 22:03:57 - INFO - Scheduler started
2026-02-13 22:07:25 - INFO - Smart Sprayer Logger initialized
2026-02-13 22:07:25 - INFO - Scheduler initialized
2026-02-13 22:07:25 - INFO - Scheduler started
2026-02-13 22:08:47 - INFO - Smart Sprayer Logger initialized
2026-02-13 22:08:47 - INFO - Scheduler initialized
2026-02-13 22:08:47 - INFO - Scheduler started
2026-02-13 22:12:44 - INFO - Smart Sprayer Logger initialized
2026-02-13 22:12:44 - INFO - Scheduler initialized
2026-02-13 22:12:44 - INFO - Scheduler started
2026-02-13 22:18:23 - INFO - Smart Sprayer Logger initialized
2026-02-13 22:18:23 - INFO - Scheduler initialized
2026-02-13 22:18:23 - INFO - Scheduler started
2026-02-13 22:19:44 - INFO - Smart Sprayer Logger initialized
2026-02-13 22:19:44 - INFO - Scheduler initialized
2026-02-13 22:19:44 - INFO - Scheduler started
2026-02-13 22:22:33 - INFO - Smart Sprayer Logger initialized
2026-02-13 22:22:33 - INFO - Scheduler initialized
2026-02-13 22:22:33 - INFO - Scheduler started
2026-02-13 22:23:10 - INFO - Smart Sprayer Logger initialized
2026-02-13 22:23:10 - INFO - Scheduler initialized
2026-02-13 22:23:10 - INFO - Scheduler started
2026-02-13 22:27:43 - INFO - Smart Sprayer Logger initialized
2026-02-13 22:27:43 - INFO - Scheduler initialized
2026-02-13 22:27:43 - INFO - Scheduler started
2026-02-13 22:28:58 - INFO - Smart Sprayer Logger initialized
2026-02-13 22:28:59 - INFO - Scheduler initialized
2026-02-13 22:28:59 - INFO - Scheduler started
2026-02-13 22:29:11 - INFO - Smart Sprayer Logger initialized
2026-02-13 22:29:11 - INFO - Scheduler initialized
2026-02-13 22:29:11 - INFO - Scheduler started
2026-02-13 22:31:52 - INFO - Smart Sprayer Logger initialized
2026-02-13 22:31:52 - INFO - Scheduler initialized
2026-02-13 22:31:52 - INFO - Scheduler started
2026-02-13 22:32:18 - INFO - Smart Sprayer Logger initialized
2026-02-13 22:32:18 - INFO - Scheduler initialized
2026-02-13 22:32:18 - INFO - Scheduler started
2026-02-13 22:40:44 - INFO - Smart Sprayer Logger initialized
2026-02-13 22:40:44 - INFO - Scheduler initialized
2026-02-13 22:40:44 - INFO - Scheduler started
2026-02-13 22:41:47 - INFO - Smart Sprayer Logger initialized
2026-02-13 22:41:47 - INFO - Scheduler initialized
2026-02-13 22:41:47 - INFO - Scheduler started
2026-02-13 22:47:24 - INFO - SCHEDULE CREATED - Date: 2026-02-13, Time: 22:50, Type: Fertilizer, Container: Container 1
2026-02-13 22:50:08 - INFO - SPRAY EXECUTED - Date: 2026-02-13, Time: 22:50, Type: Fertilizer, Container: Container 1
2026-02-13 22:50:08 - INFO - Executing spray: Fertilizer using Container 1, 1000.0mL for 12.0 seconds
2026-02-13 22:50:08 - INFO - SPRAY COMPLETED - ID: SCH_031, Duration: 12.0s
2026-02-13 22:51:23 - INFO - Smart Sprayer Logger initialized
2026-02-13 22:51:23 - INFO - Scheduler initialized
2026-02-13 22:51:23 - INFO - Scheduler started
2026-02-13 22:55:08 - INFO - Smart Sprayer Logger initialized
2026-02-13 22:55:08 - INFO - Scheduler initialized
2026-02-13 22:55:08 - INFO - Scheduler started
2026-02-13 22:58:06 - INFO - Smart Sprayer Logger initialized
2026-02-13 22:58:06 - INFO - Scheduler initialized
2026-02-13 22:58:06 - INFO - Scheduler started
2026-02-13 23:02:35 - INFO - Smart Sprayer Logger initialized
2026-02-13 23:02:35 - INFO - Scheduler initialized
2026-02-13 23:02:35 - INFO - Scheduler started
2026-02-13 23:02:58 - INFO - Smart Sprayer Logger initialized
2026-02-13 23:02:58 - INFO - Scheduler initialized
2026-02-13 23:02:58 - INFO - Scheduler started
2026-02-14 00:42:38 - INFO - Smart Sprayer Logger initialized
2026-02-14 00:42:38 - INFO - Scheduler initialized
2026-02-14 00:42:38 - INFO - Scheduler started
2026-02-14 00:45:49 - INFO - Smart Sprayer Logger initialized
2026-02-14 00:45:49 - INFO - Scheduler initialized
2026-02-14 00:45:49 - INFO - Scheduler started
2026-02-14 00:54:40 - INFO - Smart Sprayer Logger initialized
2026-02-14 00:54:40 - INFO - Scheduler initialized
2026-02-14 00:54:40 - INFO - Scheduler started
2026-02-14 00:56:08 - INFO - Smart Sprayer Logger initialized
2026-02-14 00:56:08 - INFO - Scheduler initialized
2026-02-14 00:56:08 - INFO - Scheduler started
2026-02-14 00:56:59 - INFO - SCHEDULE CREATED - Date: 2026-02-14, Time: 01:00, Type: Fertilizer, Container: Container 1
2026-02-14 00:57:39 - WARNING - SCHEDULE CANCELLED - ID: SCH_032, Reason: User cancelled
2026-02-14 00:57:42 - INFO - Cancelled all 0 active schedules
2026-02-14 00:57:50 - INFO - SCHEDULE CREATED - Date: 2026-02-14, Time: 01:00, Type: Fertilizer, Container: Container 1
2026-02-14 01:00:11 - INFO - Smart Sprayer Logger initialized
2026-02-14 01:00:11 - INFO - Scheduler initialized
2026-02-14 01:00:11 - INFO - Scheduler started
2026-02-14 01:00:11 - INFO - SPRAY EXECUTED - Date: 2026-02-14, Time: 01:00, Type: Fertilizer, Container: Container 1
2026-02-14 01:00:11 - INFO - Executing spray: Fertilizer using Container 1, 1000.0mL for 12.0 seconds
2026-02-14 01:00:11 - INFO - SPRAY COMPLETED - ID: SCH_033, Duration: 12.0s
2026-02-14 01:00:32 - INFO - SCHEDULE CREATED - Date: 2026-02-14, Time: 01:05, Type: Fertilizer, Container: Container 1
2026-02-14 01:01:28 - INFO - Smart Sprayer Logger initialized
2026-02-14 01:01:28 - INFO - Scheduler initialized
2026-02-14 01:01:28 - INFO - Scheduler started
2026-02-14 01:02:27 - INFO - SCHEDULE CREATED - Date: 2026-02-14, Time: 01:05, Type: Pesticide, Container: Container 2
2026-02-14 01:05:08 - INFO - SPRAY EXECUTED - Date: 2026-02-14, Time: 01:05, Type: Fertilizer, Container: Container 1
2026-02-14 01:05:08 - INFO - Executing spray: Fertilizer using Container 1, 1000.0mL for 12.0 seconds
2026-02-14 01:05:08 - INFO - SPRAY EXECUTED - Date: 2026-02-14, Time: 01:05, Type: Pesticide, Container: Container 2
2026-02-14 01:05:08 - INFO - Executing spray: Pesticide using Container 2, 1000.0mL for 12.0 seconds
2026-02-14 01:05:08 - INFO - SPRAY COMPLETED - ID: SCH_034, Duration: 12.0s
2026-02-14 01:05:08 - INFO - SPRAY COMPLETED - ID: SCH_035, Duration: 12.0s
2026-02-14 01:06:23 - INFO - Smart Sprayer Logger initialized
2026-02-14 01:06:23 - INFO - Scheduler initialized
2026-02-14 01:06:23 - INFO - Scheduler started
2026-02-14 01:06:39 - INFO - SCHEDULE CREATED - Date: 2026-02-14, Time: 01:10, Type: Fertilizer, Container: Container 1
2026-02-14 01:09:51 - INFO - Scheduler stopped
2026-02-14 01:10:06 - INFO - Smart Sprayer Logger initialized
2026-02-14 01:10:06 - INFO - Scheduler initialized
2026-02-14 01:10:06 - INFO - Scheduler started
2026-02-14 01:10:06 - INFO - SPRAY EXECUTED - Date: 2026-02-14, Time: 01:10, Type: Fertilizer, Container: Container 1
2026-02-14 01:10:06 - INFO - Executing spray: Fertilizer using Container 1, 1000.0mL for 12.0 seconds
2026-02-14 01:10:06 - INFO - SPRAY COMPLETED - ID: SCH_036, Duration: 12.0s
2026-02-14 01:10:25 - INFO - SCHEDULE CREATED - Date: 2026-02-14, Time: 01:15, Type: Fertilizer, Container: Container 1
2026-02-14 01:12:01 - INFO - Smart Sprayer Logger initialized
2026-02-14 01:12:01 - INFO - Scheduler initialized
2026-02-14 01:12:01 - INFO - Scheduler started
2026-02-14 01:15:02 - INFO - SPRAY EXECUTED - Date: 2026-02-14, Time: 01:15, Type: Fertilizer, Container: Container 1
2026-02-14 01:15:02 - INFO - Executing spray: Fertilizer using Container 1, 1000.0mL for 12.0 seconds
2026-02-14 01:15:02 - INFO - SPRAY COMPLETED - ID: SCH_037, Duration: 12.0s
2026-02-14 01:24:40 - INFO - Smart Sprayer Logger initialized
2026-02-14 01:24:40 - INFO - Scheduler initialized
2026-02-14 01:24:40 - INFO - Scheduler started
2026-02-14 01:26:02 - INFO - Smart Sprayer Logger initialized
2026-02-14 01:26:02 - INFO - Scheduler initialized
2026-02-14 01:26:02 - INFO - Scheduler started
2026-02-14 01:28:46 - INFO - SCHEDULE CREATED - Date: 2026-02-14, Time: 01:30, Type: Fertilizer, Container: Container 1
2026-02-14 01:30:03 - INFO - SPRAY EXECUTED - Date: 2026-02-14, Time: 01:30, Type: Fertilizer, Container: Container 1
2026-02-14 01:30:03 - INFO - Executing spray: Fertilizer using Container 1, 1000.0mL for 12.0 seconds
2026-02-14 01:30:03 - INFO - SPRAY COMPLETED - ID: SCH_038, Duration: 12.0s
2026-02-14 01:34:18 - INFO - Smart Sprayer Logger initialized
2026-02-14 01:34:18 - INFO - Scheduler initialized
2026-02-14 01:34:18 - INFO - Scheduler started
2026-02-14 01:37:27 - INFO - Smart Sprayer Logger initialized
2026-02-14 01:37:27 - INFO - Scheduler initialized
2026-02-14 01:37:27 - INFO - Scheduler started
2026-02-14 01:39:36 - INFO - Smart Sprayer Logger initialized
2026-02-14 01:39:36 - INFO - Scheduler initialized
2026-02-14 01:39:36 - INFO - Scheduler started
2026-02-14 01:48:57 - INFO - Smart Sprayer Logger initialized
2026-02-14 01:48:57 - INFO - Scheduler initialized
2026-02-14 01:48:57 - INFO - Scheduler started
2026-02-14 01:51:41 - INFO - Smart Sprayer Logger initialized
2026-02-14 01:51:41 - INFO - Scheduler initialized
2026-02-14 01:51:41 - INFO - Scheduler started
2026-02-14 01:54:41 - INFO - Smart Sprayer Logger initialized
2026-02-14 01:54:41 - INFO - Scheduler initialized
2026-02-14 01:54:41 - INFO - Scheduler started
2026-02-14 01:58:32 - INFO - Smart Sprayer Logger initialized
2026-02-14 01:58:32 - INFO - Scheduler initialized
2026-02-14 01:58:32 - INFO - Scheduler started
2026-02-14 01:59:15 - INFO - Smart Sprayer Logger initialized
2026-02-14 01:59:16 - INFO - Scheduler initialized
2026-02-14 01:59:16 - INFO - Scheduler started
2026-02-14 01:59:58 - INFO - Smart Sprayer Logger initialized
2026-02-14 01:59:58 - INFO - Scheduler initialized
2026-02-14 01:59:58 - INFO - Scheduler started
2026-02-14 02:02:52 - INFO - Smart Sprayer Logger initialized
2026-02-14 02:02:52 - INFO - Scheduler initialized
2026-02-14 02:02:52 - INFO - Scheduler started
2026-02-14 02:08:43 - INFO - Smart Sprayer Logger initialized
2026-02-14 02:08:43 - INFO - Scheduler initialized
2026-02-14 02:08:43 - INFO - Scheduler started
2026-02-14 02:16:29 - INFO - Smart Sprayer Logger initialized
2026-02-14 02:16:29 - INFO - Scheduler initialized
2026-02-14 02:16:29 - INFO - Scheduler started
2026-02-14 02:17:43 - INFO - Smart Sprayer Logger initialized
2026-02-14 02:17:43 - INFO - Scheduler initialized
2026-02-14 02:17:43 - INFO - Scheduler started
2026-02-14 02:20:03 - INFO - Smart Sprayer Logger initialized
2026-02-14 02:20:03 - INFO - Scheduler initialized
2026-02-14 02:20:03 - INFO - Scheduler started
2026-02-14 02:20:43 - INFO - Scheduler stopped
2026-02-14 02:21:35 - INFO - Smart Sprayer Logger initialized
2026-02-14 02:21:35 - INFO - Scheduler initialized
2026-02-14 02:21:35 - INFO - Scheduler started
2026-02-14 02:23:13 - INFO - SCHEDULE CREATED - Date: 2026-02-14, Time: 02:25, Type: Fertilizer, Container: Container 1
2026-02-14 02:25:05 - INFO - SPRAY EXECUTED - Date: 2026-02-14, Time: 02:25, Type: Fertilizer, Container: Container 1
2026-02-14 02:25:05 - INFO - Executing spray: Fertilizer using Container 1, 1000.0mL for 12.0 seconds
2026-02-14 02:25:06 - INFO - SPRAY COMPLETED - ID: SCH_039, Duration: 12.0s
2026-02-14 02:26:54 - INFO - Smart Sprayer Logger initialized
2026-02-14 02:26:54 - INFO - Scheduler initialized
2026-02-14 02:26:54 - INFO - Scheduler started
2026-02-14 02:27:54 - INFO - Smart Sprayer Logger initialized
2026-02-14 02:27:54 - INFO - Scheduler initialized
2026-02-14 02:27:54 - INFO - Scheduler started
2026-02-14 02:28:13 - INFO - SCHEDULE CREATED - Date: 2026-02-14, Time: 02:30, Type: Fertilizer, Container: Container 1
2026-02-14 02:30:05 - INFO - SPRAY EXECUTED - Date: 2026-02-14, Time: 02:30, Type: Fertilizer, Container: Container 1
2026-02-14 02:30:05 - INFO - Executing spray: Fertilizer using Container 1, 1000.0mL for 12.0 seconds
2026-02-14 02:30:05 - INFO - SPRAY COMPLETED - ID: SCH_040, Duration: 12.0s
2026-02-14 02:31:31 - INFO - Smart Sprayer Logger initialized
2026-02-14 02:31:31 - INFO - Scheduler initialized
2026-02-14 02:31:31 - INFO - Scheduler started
2026-02-14 02:36:00 - INFO - Smart Sprayer Logger initialized
2026-02-14 02:36:00 - INFO - Scheduler initialized
2026-02-14 02:36:00 - INFO - Scheduler started
2026-02-14 02:37:02 - INFO - Smart Sprayer Logger initialized
2026-02-14 02:37:02 - INFO - Scheduler initialized
2026-02-14 02:37:02 - INFO - Scheduler started
2026-02-14 02:39:29 - INFO - Smart Sprayer Logger initialized
2026-02-14 02:39:29 - INFO - Scheduler initialized
2026-02-14 02:39:29 - INFO - Scheduler started
2026-02-14 02:40:21 - INFO - SCHEDULE CREATED - Date: 2026-02-14, Time: 02:45, Type: Fertilizer, Container: Container 1
2026-02-14 02:40:27 - INFO - SCHEDULE CREATED - Date: 2026-02-14, Time: 02:45, Type: Fertilizer, Container: Container 1
2026-02-14 02:40:38 - WARNING - SCHEDULE CANCELLED - ID: SCH_041, Reason: User cancelled
2026-02-14 02:45:00 - INFO - SPRAY EXECUTED - Date: 2026-02-14, Time: 02:45, Type: Fertilizer, Container: Container 1
2026-02-14 02:45:00 - INFO - Executing spray: Fertilizer using Container 1, 1000.0mL for 12.0 seconds
2026-02-14 02:45:00 - INFO - SPRAY COMPLETED - ID: SCH_042, Duration: 12.0s
2026-02-14 02:45:24 - INFO - Smart Sprayer Logger initialized
2026-02-14 02:45:24 - INFO - Scheduler initialized
2026-02-14 02:45:24 - INFO - Scheduler started
2026-02-14 02:48:59 - INFO - SCHEDULE CREATED - Date: 2026-02-14, Time: 02:50, Type: Pesticide, Container: Container 2
2026-02-14 02:50:05 - INFO - SPRAY EXECUTED - Date: 2026-02-14, Time: 02:50, Type: Pesticide, Container: Container 2
2026-02-14 02:50:05 - INFO - Executing spray: Pesticide using Container 2, 1000.0mL for 12.0 seconds
2026-02-14 02:50:05 - INFO - SPRAY COMPLETED - ID: SCH_043, Duration: 12.0s
2026-02-14 02:56:46 - INFO - Smart Sprayer Logger initialized
2026-02-14 02:56:46 - INFO - Scheduler initialized
2026-02-14 02:56:46 - INFO - Scheduler started
2026-02-14 02:57:10 - INFO - SCHEDULE CREATED - Date: 2026-02-14, Time: 03:00, Type: Fertilizer, Container: Container 1
2026-02-14 03:01:16 - INFO - Smart Sprayer Logger initialized
2026-02-14 03:01:16 - INFO - Scheduler initialized
2026-02-14 03:01:16 - INFO - Scheduler started
2026-02-14 03:02:20 - INFO - Smart Sprayer Logger initialized
2026-02-14 03:02:20 - INFO - Scheduler initialized
2026-02-14 03:02:20 - INFO - Scheduler started
2026-02-14 03:03:12 - INFO - SCHEDULE CREATED - Date: 2026-02-14, Time: 03:05, Type: Fertilizer, Container: Container 1
2026-02-14 03:05:05 - INFO - Smart Sprayer Logger initialized
2026-02-14 03:05:05 - INFO - Scheduler initialized
2026-02-14 03:05:05 - INFO - Scheduler started
2026-02-14 03:05:05 - INFO - SPRAY EXECUTED - Date: 2026-02-14, Time: 03:05, Type: Fertilizer, Container: Container 1
2026-02-14 03:05:05 - INFO - Executing spray: Fertilizer using Container 1, 1000.0mL for 12.0 seconds
2026-02-14 03:05:06 - INFO - SPRAY COMPLETED - ID: SCH_045, Duration: 12.0s
2026-02-14 03:06:48 - INFO - Smart Sprayer Logger initialized
2026-02-14 03:06:48 - INFO - Scheduler initialized
2026-02-14 03:06:48 - INFO - Scheduler started
2026-02-14 03:11:17 - INFO - Smart Sprayer Logger initialized
2026-02-14 03:11:17 - INFO - Scheduler initialized
2026-02-14 03:11:17 - INFO - Scheduler started
2026-02-14 03:16:46 - INFO - Smart Sprayer Logger initialized
2026-02-14 03:16:46 - INFO - Scheduler initialized
2026-02-14 03:16:46 - INFO - Scheduler started
2026-02-14 03:17:29 - INFO - Smart Sprayer Logger initialized
2026-02-14 03:17:29 - INFO - Scheduler initialized
2026-02-14 03:17:29 - INFO - Scheduler started
2026-02-14 03:19:05 - INFO - Smart Sprayer Logger initialized
2026-02-14 03:19:05 - INFO - Scheduler initialized
2026-02-14 03:19:05 - INFO - Scheduler started
2026-02-14 03:19:19 - WARNING - SCHEDULE CANCELLED - ID: SCH_044, Reason: User cancelled
2026-02-14 03:19:35 - INFO - SCHEDULE CREATED - Date: 2026-02-14, Time: 03:20, Type: Fertilizer, Container: Container 1
2026-02-14 03:20:05 - INFO - SPRAY EXECUTED - Date: 2026-02-14, Time: 03:20, Type: Fertilizer, Container: Container 1
2026-02-14 03:20:05 - INFO - Executing spray: Fertilizer using Container 1, 1000.0mL for 12.0 seconds
2026-02-14 03:20:05 - INFO - SPRAY COMPLETED - ID: SCH_046, Duration: 12.0s
2026-02-14 03:21:34 - INFO - Smart Sprayer Logger initialized
2026-02-14 03:21:34 - INFO - Scheduler initialized
2026-02-14 03:21:34 - INFO - Scheduler started
2026-02-14 03:21:57 - INFO - SCHEDULE CREATED - Date: 2026-02-14, Time: 03:25, Type: Pesticide, Container: Container 2
2026-02-14 03:23:37 - INFO - Smart Sprayer Logger initialized
2026-02-14 03:23:37 - INFO - Scheduler initialized
2026-02-14 03:23:37 - INFO - Scheduler started
2026-02-14 03:24:02 - INFO - SCHEDULE CREATED - Date: 2026-02-14, Time: 03:30, Type: Fertilizer, Container: Container 1
2026-02-14 03:25:07 - INFO - SPRAY EXECUTED - Date: 2026-02-14, Time: 03:25, Type: Pesticide, Container: Container 2
2026-02-14 03:25:07 - INFO - Executing spray: Pesticide using Container 2, 1000.0mL for 12.0 seconds
2026-02-14 03:25:07 - INFO - SPRAY COMPLETED - ID: SCH_047, Duration: 12.0s
2026-02-14 03:26:30 - INFO - SCHEDULE CREATED - Date: 2026-02-14, Time: 03:30, Type: Pesticide, Container: Container 1
2026-02-14 03:30:15 - INFO - Smart Sprayer Logger initialized
2026-02-14 03:30:15 - INFO - Scheduler initialized
2026-02-14 03:30:15 - INFO - Scheduler started
2026-02-14 03:30:15 - INFO - SPRAY EXECUTED - Date: 2026-02-14, Time: 03:30, Type: Fertilizer, Container: Container 1
2026-02-14 03:30:15 - INFO - Executing spray: Fertilizer using Container 1, 1000.0mL for 12.0 seconds
2026-02-14 03:30:15 - INFO - SPRAY EXECUTED - Date: 2026-02-14, Time: 03:30, Type: Pesticide, Container: Container 1
2026-02-14 03:30:15 - INFO - Executing spray: Pesticide using Container 1, 1000.0mL for 12.0 seconds
2026-02-14 03:30:15 - INFO - SPRAY COMPLETED - ID: SCH_048, Duration: 12.0s
2026-02-14 03:30:15 - INFO - SPRAY COMPLETED - ID: SCH_049, Duration: 12.0s
2026-02-14 03:30:32 - INFO - SCHEDULE CREATED - Date: 2026-02-14, Time: 03:35, Type: Fertilizer, Container: Container 1
2026-02-14 03:35:05 - INFO - SPRAY EXECUTED - Date: 2026-02-14, Time: 03:35, Type: Fertilizer, Container: Container 1
2026-02-14 03:35:05 - INFO - Executing spray: Fertilizer using Container 1, 1000.0mL for 12.0 seconds
2026-02-14 03:35:05 - INFO - SPRAY COMPLETED - ID: SCH_050, Duration: 12.0s
2026-02-14 03:35:24 - INFO - Smart Sprayer Logger initialized
2026-02-14 03:35:24 - INFO - Scheduler initialized
2026-02-14 03:35:24 - INFO - Scheduler started
2026-02-14 03:35:46 - INFO - SCHEDULE CREATED - Date: 2026-02-14, Time: 03:40, Type: Pesticide, Container: Container 1
2026-02-14 03:37:26 - INFO - Smart Sprayer Logger initialized
2026-02-14 03:37:26 - INFO - Scheduler initialized
2026-02-14 03:37:26 - INFO - Scheduler started
2026-02-14 03:38:25 - INFO - SCHEDULE CREATED - Date: 2026-02-14, Time: 03:40, Type: Fertilizer, Container: Container 1
2026-02-14 03:38:49 - WARNING - SCHEDULE CANCELLED - ID: SCH_052, Reason: User cancelled
2026-02-14 03:40:06 - INFO - SPRAY EXECUTED - Date: 2026-02-14, Time: 03:40, Type: Pesticide, Container: Container 1
2026-02-14 03:40:06 - INFO - Executing spray: Pesticide using Container 1, 1000.0mL for 12.0 seconds
2026-02-14 03:40:06 - INFO - SPRAY COMPLETED - ID: SCH_051, Duration: 12.0s
2026-02-14 03:43:16 - INFO - Smart Sprayer Logger initialized
2026-02-14 03:43:16 - INFO - Scheduler initialized
2026-02-14 03:43:16 - INFO - Scheduler started
2026-02-14 03:45:40 - INFO - Smart Sprayer Logger initialized
2026-02-14 03:45:40 - INFO - Scheduler initialized
2026-02-14 03:45:40 - INFO - Scheduler started
2026-02-14 03:45:58 - INFO - SCHEDULE CREATED - Date: 2026-02-14, Time: 03:50, Type: Pesticide, Container: Container 2
2026-02-14 03:50:00 - INFO - SPRAY EXECUTED - Date: 2026-02-14, Time: 03:50, Type: Pesticide, Container: Container 2
2026-02-14 03:50:00 - INFO - Executing spray: Pesticide using Container 2, 1000.0mL for 12.0 seconds
2026-02-14 03:50:00 - INFO - SPRAY COMPLETED - ID: SCH_053, Duration: 12.0s
2026-02-14 03:50:54 - INFO - Smart Sprayer Logger initialized
2026-02-14 03:50:54 - INFO - Scheduler initialized
2026-02-14 03:50:54 - INFO - Scheduler started
2026-02-14 03:52:18 - INFO - SCHEDULE CREATED - Date: 2026-02-14, Time: 04:55, Type: Fertilizer, Container: Container 1
2026-02-14 03:53:06 - INFO - Smart Sprayer Logger initialized
2026-02-14 03:53:06 - INFO - Scheduler initialized
2026-02-14 03:53:06 - INFO - Scheduler started
2026-02-14 04:08:02 - INFO - Smart Sprayer Logger initialized
2026-02-14 04:08:02 - INFO - Scheduler initialized
2026-02-14 04:08:02 - INFO - Scheduler started
2026-02-14 04:11:44 - INFO - Smart Sprayer Logger initialized
2026-02-14 04:11:44 - INFO - Scheduler initialized
2026-02-14 04:11:44 - INFO - Scheduler started
2026-02-14 04:13:01 - INFO - Smart Sprayer Logger initialized
2026-02-14 04:13:01 - INFO - Scheduler initialized
2026-02-14 04:13:01 - INFO - Scheduler started
2026-02-14 04:15:26 - INFO - Smart Sprayer Logger initialized
2026-02-14 04:15:26 - INFO - Scheduler initialized
2026-02-14 04:15:26 - INFO - Scheduler started
2026-02-14 04:16:28 - INFO - Smart Sprayer Logger initialized
2026-02-14 04:16:28 - INFO - Scheduler initialized
2026-02-14 04:16:28 - INFO - Scheduler started
2026-02-14 04:18:09 - INFO - SCHEDULE CREATED - Date: 2026-02-14, Time: 04:20, Type: Fertilizer, Container: Container 1
2026-02-14 04:19:44 - INFO - Smart Sprayer Logger initialized
2026-02-14 04:19:44 - INFO - Scheduler initialized
2026-02-14 04:19:44 - INFO - Scheduler started
2026-02-14 04:20:04 - INFO - SPRAY EXECUTED - Date: 2026-02-14, Time: 04:20, Type: Fertilizer, Container: Container 1
2026-02-14 04:20:04 - INFO - Executing spray: Fertilizer using Container 1, 1000.0mL for 12.0 seconds
2026-02-14 04:20:04 - INFO - SPRAY COMPLETED - ID: SCH_055, Duration: 12.0s
2026-02-14 04:20:07 - INFO - SCHEDULE CREATED - Date: 2026-02-14, Time: 08:20, Type: Pesticide, Container: Container 1
2026-02-14 04:20:50 - INFO - Smart Sprayer Logger initialized
2026-02-14 04:20:50 - INFO - Scheduler initialized
2026-02-14 04:20:50 - INFO - Scheduler started
2026-02-14 04:21:07 - INFO - SCHEDULE CREATED - Date: 2026-02-14, Time: 08:25, Type: Fertilizer, Container: Container 1
2026-02-14 04:21:44 - INFO - Smart Sprayer Logger initialized
2026-02-14 04:21:44 - INFO - Scheduler initialized
2026-02-14 04:21:44 - INFO - Scheduler started
2026-02-14 04:23:01 - INFO - Smart Sprayer Logger initialized
2026-02-14 04:23:01 - INFO - Scheduler initialized
2026-02-14 04:23:01 - INFO - Scheduler started
2026-02-14 04:25:17 - INFO - Smart Sprayer Logger initialized
2026-02-14 04:25:17 - INFO - Scheduler initialized
2026-02-14 04:25:17 - INFO - Scheduler started
2026-02-14 04:26:55 - INFO - SCHEDULE CREATED - Date: 2026-02-14, Time: 04:30, Type: Fertilizer, Container: Container 1
2026-02-14 04:27:51 - INFO - Smart Sprayer Logger initialized
2026-02-14 04:27:51 - INFO - Scheduler initialized
2026-02-14 04:27:51 - INFO - Scheduler started
2026-02-14 04:28:35 - INFO - Smart Sprayer Logger initialized
2026-02-14 04:28:35 - INFO - Scheduler initialized
2026-02-14 04:28:35 - INFO - Scheduler started
2026-02-14 04:29:01 - INFO - SCHEDULE CREATED - Date: 2026-02-14, Time: 04:30, Type: Fertilizer, Container: Container 1
2026-02-14 04:29:53 - INFO - Smart Sprayer Logger initialized
2026-02-14 04:29:53 - INFO - Scheduler initialized
2026-02-14 04:29:53 - INFO - Scheduler started
2026-02-14 04:30:03 - INFO - SPRAY EXECUTED - Date: 2026-02-14, Time: 04:30, Type: Fertilizer, Container: Container 1
2026-02-14 04:30:03 - INFO - Executing spray: Fertilizer using Container 1, 1000.0mL for 12.0 seconds
2026-02-14 04:30:03 - INFO - SPRAY EXECUTED - Date: 2026-02-14, Time: 04:30, Type: Fertilizer, Container: Container 1
2026-02-14 04:30:04 - INFO - Executing spray: Fertilizer using Container 1, 1000.0mL for 12.0 seconds
2026-02-14 04:30:04 - INFO - SPRAY COMPLETED - ID: SCH_058, Duration: 12.0s
2026-02-14 04:30:04 - INFO - SPRAY COMPLETED - ID: SCH_059, Duration: 12.0s
2026-02-14 04:30:29 - INFO - SCHEDULE CREATED - Date: 2026-02-14, Time: 04:35, Type: Fertilizer, Container: Container 1
2026-02-14 04:35:04 - INFO - SPRAY EXECUTED - Date: 2026-02-14, Time: 04:35, Type: Fertilizer, Container: Container 1
2026-02-14 04:35:04 - INFO - Executing spray: Fertilizer using Container 1, 1000.0mL for 12.0 seconds
2026-02-14 04:35:04 - INFO - SPRAY COMPLETED - ID: SCH_001, Duration: 12.0s
2026-02-14 04:35:32 - INFO - Smart Sprayer Logger initialized
2026-02-14 04:35:32 - INFO - Scheduler initialized
2026-02-14 04:35:32 - INFO - Scheduler started
2026-02-14 04:35:53 - INFO - SCHEDULE CREATED - Date: 2026-02-14, Time: 04:40, Type: Fertilizer, Container: Container 1
2026-02-14 04:39:13 - INFO - Smart Sprayer Logger initialized
2026-02-14 04:39:13 - INFO - Scheduler initialized
2026-02-14 04:39:13 - INFO - Scheduler started
2026-02-14 04:39:32 - INFO - SCHEDULE CREATED - Date: 2026-02-14, Time: 04:40, Type: Fertilizer, Container: Container 1
2026-02-14 04:40:03 - INFO - SPRAY EXECUTED - Date: 2026-02-14, Time: 04:40, Type: Fertilizer, Container: Container 1
2026-02-14 04:40:03 - INFO - Executing spray: Fertilizer using Container 1, 1000.0mL for 12.0 seconds
2026-02-14 04:40:03 - INFO - SPRAY EXECUTED - Date: 2026-02-14, Time: 04:40, Type: Fertilizer, Container: Container 1
2026-02-14 04:40:03 - INFO - Executing spray: Fertilizer using Container 1, 1000.0mL for 12.0 seconds
2026-02-14 04:40:03 - INFO - SPRAY COMPLETED - ID: SCH_002, Duration: 12.0s
2026-02-14 04:40:03 - INFO - SPRAY COMPLETED - ID: SCH_003, Duration: 12.0s
2026-02-14 04:42:51 - INFO - Smart Sprayer Logger initialized
2026-02-14 04:42:52 - INFO - Scheduler initialized
2026-02-14 04:42:52 - INFO - Scheduler started
2026-02-14 04:43:18 - INFO - SCHEDULE CREATED - Date: 2026-02-14, Time: 04:45, Type: Fertilizer, Container: Container 1
2026-02-14 04:44:52 - INFO - Smart Sprayer Logger initialized
2026-02-14 04:44:52 - INFO - Scheduler initialized
2026-02-14 04:44:52 - INFO - Scheduler started
2026-02-14 04:45:02 - INFO - SPRAY EXECUTED - Date: 2026-02-14, Time: 04:45, Type: Fertilizer, Container: Container 1
2026-02-14 04:45:02 - INFO - Executing spray: Fertilizer using Container 1, 1000.0mL for 12.0 seconds
2026-02-14 04:45:02 - INFO - SPRAY COMPLETED - ID: SCH_004, Duration: 12.0s
2026-02-14 04:46:05 - INFO - Smart Sprayer Logger initialized
2026-02-14 04:46:05 - INFO - Scheduler initialized
2026-02-14 04:46:05 - INFO - Scheduler started
2026-02-14 04:46:29 - INFO - SCHEDULE CREATED - Date: 2026-02-14, Time: 04:50, Type: Fertilizer, Container: Container 1
2026-02-14 04:47:20 - INFO - Smart Sprayer Logger initialized
2026-02-14 04:47:20 - INFO - Scheduler initialized
2026-02-14 04:47:20 - INFO - Scheduler started
2026-02-14 04:49:37 - INFO - Smart Sprayer Logger initialized
2026-02-14 04:49:38 - INFO - Scheduler initialized
2026-02-14 04:49:38 - INFO - Scheduler started
2026-02-14 04:50:04 - INFO - SCHEDULE CREATED - Date: 2026-02-14, Time: 04:55, Type: Fertilizer, Container: Container 1
2026-02-14 04:50:08 - INFO - SPRAY EXECUTED - Date: 2026-02-14, Time: 04:50, Type: Fertilizer, Container: Container 1
2026-02-14 04:50:08 - INFO - Executing spray: Fertilizer using Container 1, 1000.0mL for 12.0 seconds
2026-02-14 04:50:08 - INFO - SPRAY COMPLETED - ID: SCH_005, Duration: 12.0s
2026-02-14 04:53:33 - INFO - Smart Sprayer Logger initialized
2026-02-14 04:53:33 - INFO - Scheduler initialized
2026-02-14 04:53:33 - INFO - Scheduler started
2026-02-14 04:53:59 - WARNING - SCHEDULE CANCELLED - ID: SCH_006, Reason: User cancelled
2026-02-14 04:54:59 - INFO - Smart Sprayer Logger initialized
2026-02-14 04:54:59 - INFO - Scheduler initialized
2026-02-14 04:54:59 - INFO - Scheduler started
2026-02-14 04:55:26 - INFO - SCHEDULE CREATED - Date: 2026-02-14, Time: 05:00, Type: Pesticide, Container: Container 2
2026-02-14 05:00:09 - INFO - SPRAY EXECUTED - Date: 2026-02-14, Time: 05:00, Type: Pesticide, Container: Container 2
2026-02-14 05:00:09 - INFO - Executing spray: Pesticide using Container 2, 1000.0mL for 12.0 seconds
2026-02-14 05:00:09 - INFO - SPRAY COMPLETED - ID: SCH_007, Duration: 12.0s
2026-02-14 05:04:05 - WARNING - SCHEDULE CANCELLED - ID: SCH_007, Reason: User cancelled
2026-02-14 05:26:20 - INFO - SCHEDULE CREATED - Date: 2026-02-14, Time: 05:30, Type: Pesticide, Container: Container 2
2026-02-14 05:26:52 - INFO - Scheduler stopped
2026-02-15 18:17:43 - INFO - Smart Sprayer Logger initialized
2026-02-15 18:17:43 - INFO - Scheduler initialized
2026-02-15 18:17:43 - INFO - Scheduler started
2026-02-15 18:18:36 - INFO - SCHEDULE CREATED - Date: 2026-02-15, Time: 08:00, Type: Fertilizer, Container: Container 1
2026-02-15 18:18:42 - WARNING - SCHEDULE CANCELLED - ID: SCH_008, Reason: User cancelled
2026-02-15 18:18:47 - WARNING - SCHEDULE CANCELLED - ID: SCH_009, Reason: User cancelled all
2026-02-15 18:18:47 - INFO - Cancelled all 1 active schedules
2026-02-15 18:18:49 - INFO - SCHEDULE CREATED - Date: 2026-02-15, Time: 08:00, Type: Fertilizer, Container: Container 1
2026-02-15 18:18:54 - WARNING - SCHEDULE RESCHEDULED - Old date: 2026-02-15, New date: 2026-02-15, Reschedule count: 1
2026-02-15 18:19:14 - WARNING - SCHEDULE CANCELLED - ID: SCH_010, Reason: User cancelled
2026-02-15 18:24:34 - INFO - Smart Sprayer Logger initialized
2026-02-15 18:24:34 - INFO - Scheduler initialized
2026-02-15 18:24:34 - INFO - Scheduler started
2026-02-15 19:59:32 - INFO - Smart Sprayer Logger initialized
2026-02-15 19:59:32 - INFO - Scheduler initialized
2026-02-15 19:59:32 - INFO - Scheduler started
2026-02-15 19:59:52 - INFO - SCHEDULE CREATED - Date: 2026-02-15, Time: 15:40, Type: Fertilizer, Container: Container 1
2026-02-15 20:03:43 - INFO - Smart Sprayer Logger initialized
2026-02-15 20:03:43 - INFO - Scheduler initialized
2026-02-15 20:03:43 - INFO - Scheduler started
2026-02-15 20:09:08 - INFO - Smart Sprayer Logger initialized
2026-02-15 20:09:08 - INFO - Scheduler initialized
2026-02-15 20:09:08 - INFO - Scheduler started
2026-02-15 20:11:30 - INFO - Smart Sprayer Logger initialized
2026-02-15 20:11:30 - INFO - Scheduler initialized
2026-02-15 20:11:30 - INFO - Scheduler started
2026-02-15 20:16:55 - INFO - Smart Sprayer Logger initialized
2026-02-15 20:16:55 - INFO - Scheduler initialized
2026-02-15 20:16:55 - INFO - Scheduler started
2026-02-15 20:17:59 - INFO - Smart Sprayer Logger initialized
2026-02-15 20:17:59 - INFO - Scheduler initialized
2026-02-15 20:17:59 - INFO - Scheduler started
2026-02-15 20:19:35 - INFO - Smart Sprayer Logger initialized
2026-02-15 20:19:35 - INFO - Scheduler initialized
2026-02-15 20:19:35 - INFO - Scheduler started
2026-02-15 20:21:31 - INFO - Smart Sprayer Logger initialized
2026-02-15 20:21:32 - INFO - Scheduler initialized
2026-02-15 20:21:32 - INFO - Scheduler started
2026-02-15 20:22:01 - INFO - Smart Sprayer Logger initialized
2026-02-15 20:22:01 - INFO - Scheduler initialized
2026-02-15 20:22:01 - INFO - Scheduler started
2026-02-15 20:26:38 - INFO - Smart Sprayer Logger initialized
2026-02-15 20:26:38 - INFO - Scheduler initialized
2026-02-15 20:26:38 - INFO - Scheduler started
2026-02-15 20:29:38 - INFO - Smart Sprayer Logger initialized
2026-02-15 20:29:38 - INFO - Scheduler initialized
2026-02-15 20:29:38 - INFO - Scheduler started
2026-02-15 20:31:50 - INFO - Smart Sprayer Logger initialized
2026-02-15 20:31:50 - INFO - Scheduler initialized
2026-02-15 20:31:50 - INFO - Scheduler started
2026-02-15 20:34:33 - INFO - Smart Sprayer Logger initialized
2026-02-15 20:34:33 - INFO - Scheduler initialized
2026-02-15 20:34:33 - INFO - Scheduler started
2026-02-15 20:35:29 - INFO - Smart Sprayer Logger initialized
2026-02-15 20:35:29 - INFO - Scheduler initialized
2026-02-15 20:35:29 - INFO - Scheduler started
2026-02-15 20:37:12 - INFO - Smart Sprayer Logger initialized
2026-02-15 20:37:12 - INFO - Scheduler initialized
2026-02-15 20:37:12 - INFO - Scheduler started
2026-02-15 20:38:09 - WARNING - SCHEDULE CANCELLED - ID: SCH_011, Reason: User cancelled
2026-02-15 20:38:25 - INFO - SCHEDULE CREATED - Date: 2026-02-15, Time: 21:10, Type: Fertilizer, Container: Container 1
2026-02-15 20:40:56 - INFO - Smart Sprayer Logger initialized
2026-02-15 20:40:56 - INFO - Scheduler initialized
2026-02-15 20:40:56 - INFO - Scheduler started
2026-02-15 20:50:06 - INFO - Smart Sprayer Logger initialized
2026-02-15 20:50:06 - INFO - Scheduler initialized
2026-02-15 20:50:06 - INFO - Scheduler started
2026-02-15 20:52:20 - INFO - Smart Sprayer Logger initialized
2026-02-15 20:52:20 - INFO - Scheduler initialized
2026-02-15 20:52:20 - INFO - Scheduler started
2026-02-15 20:54:24 - INFO - Smart Sprayer Logger initialized
2026-02-15 20:54:24 - INFO - Scheduler initialized
2026-02-15 20:54:24 - INFO - Scheduler started
2026-02-15 20:56:30 - INFO - Smart Sprayer Logger initialized
2026-02-15 20:56:30 - INFO - Scheduler initialized
2026-02-15 20:56:30 - INFO - Scheduler started
2026-02-15 20:58:33 - INFO - Smart Sprayer Logger initialized
2026-02-15 20:58:33 - INFO - Scheduler initialized
2026-02-15 20:58:33 - INFO - Scheduler started
2026-02-15 20:59:43 - INFO - Smart Sprayer Logger initialized
2026-02-15 20:59:43 - INFO - Scheduler initialized
2026-02-15 20:59:43 - INFO - Scheduler started
2026-02-15 21:00:58 - INFO - Smart Sprayer Logger initialized
2026-02-15 21:00:58 - INFO - Scheduler initialized
2026-02-15 21:00:58 - INFO - Scheduler started
2026-02-15 21:01:49 - INFO - Smart Sprayer Logger initialized
2026-02-15 21:01:49 - INFO - Scheduler initialized
2026-02-15 21:01:49 - INFO - Scheduler started
2026-02-15 21:02:35 - INFO - Smart Sprayer Logger initialized
2026-02-15 21:02:35 - INFO - Scheduler initialized
2026-02-15 21:02:35 - INFO - Scheduler started
2026-02-15 21:03:02 - WARNING - SCHEDULE CANCELLED - ID: SCH_012, Reason: User cancelled
2026-02-15 21:05:32 - INFO - Smart Sprayer Logger initialized
2026-02-15 21:05:32 - INFO - Scheduler initialized
2026-02-15 21:05:32 - INFO - Scheduler started
2026-02-15 21:06:22 - INFO - Smart Sprayer Logger initialized
2026-02-15 21:06:22 - INFO - Scheduler initialized
2026-02-15 21:06:22 - INFO - Scheduler started
2026-02-15 21:09:23 - INFO - Smart Sprayer Logger initialized
2026-02-15 21:09:23 - INFO - Scheduler initialized
2026-02-15 21:09:23 - INFO - Scheduler started
2026-02-15 21:11:42 - INFO - Smart Sprayer Logger initialized
2026-02-15 21:11:42 - INFO - Scheduler initialized
2026-02-15 21:11:42 - INFO - Scheduler started
2026-02-15 21:12:22 - INFO - SCHEDULE CREATED - Date: 2026-02-15, Time: 21:15, Type: Fertilizer, Container: Container 1
2026-02-15 21:12:39 - WARNING - SCHEDULE CANCELLED - ID: SCH_013, Reason: User cancelled
2026-02-15 21:19:13 - INFO - Smart Sprayer Logger initialized
2026-02-15 21:19:13 - INFO - Scheduler initialized
2026-02-15 21:19:13 - INFO - Scheduler started
2026-02-15 21:19:35 - INFO - SCHEDULE CREATED - Date: 2026-02-15, Time: 21:25, Type: Fertilizer, Container: Container 1
2026-02-15 21:19:37 - WARNING - SCHEDULE CANCELLED - ID: SCH_014, Reason: User cancelled
2026-02-15 21:21:49 - INFO - Smart Sprayer Logger initialized
2026-02-15 21:21:49 - INFO - Scheduler initialized
2026-02-15 21:21:49 - INFO - Scheduler started
2026-02-15 21:23:05 - INFO - SCHEDULE CREATED - Date: 2026-02-15, Time: 21:30, Type: Fertilizer, Container: Container 1
2026-02-15 21:23:10 - WARNING - SCHEDULE RESCHEDULED - Old date: 2026-02-15, New date: 2026-02-15, Reschedule count: 1
2026-02-15 21:30:37 - INFO - Smart Sprayer Logger initialized
2026-02-15 21:30:37 - INFO - Scheduler initialized
2026-02-15 21:30:37 - INFO - Scheduler started
2026-02-15 21:37:15 - INFO - Smart Sprayer Logger initialized
2026-02-15 21:37:15 - INFO - Scheduler initialized
2026-02-15 21:37:15 - INFO - Scheduler started
2026-02-15 21:37:35 - WARNING - SCHEDULE CANCELLED - ID: SCH_015, Reason: User cancelled
2026-02-15 21:52:14 - INFO - Smart Sprayer Logger initialized
2026-02-15 21:52:14 - INFO - Scheduler initialized
2026-02-15 21:52:14 - INFO - Scheduler started
2026-02-15 21:55:06 - INFO - Smart Sprayer Logger initialized
2026-02-15 21:55:06 - INFO - Scheduler initialized
2026-02-15 21:55:06 - INFO - Scheduler started
2026-02-15 21:57:56 - INFO - Smart Sprayer Logger initialized
2026-02-15 21:57:56 - INFO - Scheduler initialized
2026-02-15 21:57:56 - INFO - Scheduler started
2026-02-15 21:59:43 - INFO - Smart Sprayer Logger initialized
2026-02-15 21:59:43 - INFO - Scheduler initialized
2026-02-15 21:59:43 - INFO - Scheduler started
2026-02-15 22:02:14 - INFO - Smart Sprayer Logger initialized
2026-02-15 22:02:14 - INFO - Scheduler initialized
2026-02-15 22:02:14 - INFO - Scheduler started
2026-02-15 22:15:34 - INFO - Smart Sprayer Logger initialized
2026-02-15 22:15:34 - INFO - Scheduler initialized
2026-02-15 22:15:34 - INFO - Scheduler started
2026-02-15 22:16:30 - INFO - Smart Sprayer Logger initialized
2026-02-15 22:16:30 - INFO - Scheduler initialized
2026-02-15 22:16:30 - INFO - Scheduler started
2026-02-15 22:30:36 - INFO - Smart Sprayer Logger initialized
2026-02-15 22:30:36 - INFO - Scheduler initialized
2026-02-15 22:30:36 - INFO - Scheduler started
2026-02-15 22:47:40 - INFO - Smart Sprayer Logger initialized
2026-02-15 22:47:40 - INFO - Scheduler initialized
2026-02-15 22:47:40 - INFO - Scheduler started
2026-02-15 22:49:31 - INFO - Smart Sprayer Logger initialized
2026-02-15 22:49:31 - INFO - Scheduler initialized
2026-02-15 22:49:31 - INFO - Scheduler started
2026-02-15 23:05:48 - INFO - Smart Sprayer Logger initialized
2026-02-15 23:05:48 - INFO - Scheduler initialized
2026-02-15 23:05:48 - INFO - Scheduler started
2026-02-15 23:11:41 - INFO - Smart Sprayer Logger initialized
2026-02-15 23:11:41 - INFO - Scheduler initialized
2026-02-15 23:11:41 - INFO - Scheduler started
2026-02-15 23:16:03 - INFO - Smart Sprayer Logger initialized
2026-02-15 23:16:03 - INFO - Scheduler initialized
2026-02-15 23:16:03 - INFO - Scheduler started
2026-02-15 23:18:25 - INFO - Smart Sprayer Logger initialized
2026-02-15 23:18:25 - INFO - Scheduler initialized
2026-02-15 23:18:25 - INFO - Scheduler started
2026-02-15 23:19:41 - INFO - Smart Sprayer Logger initialized
2026-02-15 23:19:41 - INFO - Scheduler initialized
2026-02-15 23:19:41 - INFO - Scheduler started
2026-02-15 23:21:21 - INFO - Smart Sprayer Logger initialized
2026-02-15 23:21:21 - INFO - Scheduler initialized
2026-02-15 23:21:21 - INFO - Scheduler started
2026-02-15 23:23:13 - INFO - Smart Sprayer Logger initialized
2026-02-15 23:23:13 - INFO - Scheduler initialized
2026-02-15 23:23:13 - INFO - Scheduler started
2026-02-26 15:28:06 - INFO - Smart Sprayer Logger initialized
2026-02-26 15:28:07 - INFO - Scheduler initialized
2026-02-26 15:28:07 - INFO - Scheduler started
2026-02-26 15:34:04 - INFO - Smart Sprayer Logger initialized
2026-02-26 15:34:06 - INFO - Scheduler initialized
2026-02-26 15:34:06 - INFO - Scheduler started
2026-02-26 15:34:52 - INFO - Scheduler stopped
2026-02-26 15:35:13 - INFO - Smart Sprayer Logger initialized
2026-02-26 15:35:14 - INFO - Scheduler initialized
2026-02-26 15:35:14 - INFO - Scheduler started
2026-02-26 17:04:55 - INFO - Smart Sprayer Logger initialized
2026-02-26 17:05:02 - INFO - Scheduler initialized
2026-02-26 17:05:02 - INFO - Scheduler started
2026-02-26 17:37:27 - INFO - Smart Sprayer Logger initialized
2026-02-26 17:37:29 - INFO - Scheduler initialized
2026-02-26 17:37:29 - INFO - Scheduler started
2026-02-27 06:11:49 - INFO - Smart Sprayer Logger initialized
2026-02-27 06:11:51 - INFO - Scheduler initialized
2026-02-27 06:11:51 - INFO - Scheduler started
2026-02-28 10:01:51 - INFO - Smart Sprayer Logger initialized
2026-02-28 10:01:52 - INFO - Scheduler initialized
2026-02-28 10:01:52 - INFO - Scheduler started
2026-02-28 10:02:51 - INFO - SCHEDULE CREATED - Date: 2026-02-28, Time: 10:05, Type: Fertilizer, Container: Container 1
